NU_ANO_CENSO,NO_REGIAO,TP_DEPENDENCIA,TP_CATEGORIA_ESCOLA_PRIVADA,TP_LOCALIZACAO,SUM_MAT_QT_BAS,SUM_MAT_FUND_AI,SUM_MAT_BAS_ND,SUM_MAT_BAS_BRANCA,SUM_MAT_BAS_PRETA,SUM_MAT_BAS_PARDA,SUM_MAT_BAS_AMARELA,SUM_MAT_BAS_INDIGENA
2011.0,Centro-Oeste,1.0,0.0,1.0,13055.0,261.0,6984.0,2971.0,422.0,2439.0,220.0,19.0
2011.0,Centro-Oeste,1.0,0.0,2.0,5717.0,0.0,2352.0,1461.0,340.0,1431.0,123.0,10.0
2011.0,Centro-Oeste,2.0,0.0,1.0,1667041.0,327002.0,852881.0,283675.0,36752.0,461112.0,28581.0,4040.0
2011.0,Centro-Oeste,2.0,0.0,2.0,88189.0,26472.0,49139.0,11450.0,1452.0,17060.0,607.0,8481.0
2011.0,Centro-Oeste,3.0,0.0,1.0,1128501.0,589555.0,402856.0,276308.0,24605.0,414427.0,6258.0,4047.0
2011.0,Centro-Oeste,3.0,0.0,2.0,150133.0,83734.0,66412.0,22938.0,2532.0,36852.0,722.0,20677.0
2011.0,Centro-Oeste,4.0,0.0,1.0,0.0,0.0,0.0,0.0,0.0,0.0,0.0,0.0
2011.0,Centro-Oeste,4.0,0.0,2.0,0.0,0.0,0.0,0.0,0.0,0.0,0.0,0.0
2011.0,Centro-Oeste,4.0,1.0,1.0,461327.0,152343.0,204284.0,159611.0,7185.0,85691.0,4074.0,482.0
2011.0,Centro-Oeste,4.0,1.0,2.0,2354.0,377.0,1500.0,312.0,52.0,468.0,17.0,5.0
2011.0,Centro-Oeste,4.0,2.0,1.0,9431.0,2080.0,3423.0,2793.0,269.0,2801.0,140.0,5.0
2011.0,Centro-Oeste,4.0,2.0,2.0,250.0,0.0,113.0,69.0,16.0,49.0,3.0,0.0
2011.0,Centro-Oeste,4.0,3.0,1.0,16667.0,5085.0,7735.0,5023.0,278.0,3337.0,247.0,47.0
2011.0,Centro-Oeste,4.0,4.0,1.0,118750.0,33253.0,49296.0,38478.0,2758.0,26826.0,1235.0,157.0
2011.0,Centro-Oeste,4.0,4.0,2.0,2390.0,478.0,1305.0,393.0,41.0,554.0,19.0,78.0
2011.0,Nordeste,1.0,0.0,1.0,69248.0,268.0,37264.0,10989.0,2280.0,18196.0,349.0,170.0
2011.0,Nordeste,1.0,0.0,2.0,11811.0,42.0,5682.0,1542.0,512.0,3971.0,69.0,35.0
2011.0,Nordeste,2.0,0.0,1.0,4113630.0,321269.0,1888406.0,373810.0,173284.0,1656766.0,13237.0,8127.0
2011.0,Nordeste,2.0,0.0,2.0,244188.0,41981.0,110215.0,16659.0,7219.0,83096.0,590.0,26409.0
2011.0,Nordeste,3.0,0.0,1.0,5598704.0,2407073.0,2243986.0,596914.0,193221.0,2531508.0,22520.0,10555.0
2011.0,Nordeste,3.0,0.0,2.0,3293940.0,1621797.0,1316421.0,313051.0,112109.0,1526602.0,14741.0,11016.0
2011.0,Nordeste,4.0,0.0,1.0,0.0,0.0,0.0,0.0,0.0,0.0,0.0,0.0
2011.0,Nordeste,4.0,0.0,2.0,0.0,0.0,0.0,0.0,0.0,0.0,0.0,0.0
2011.0,Nordeste,4.0,1.0,1.0,1812250.0,674334.0,835980.0,385031.0,40088.0,539081.0,9560.0,2510.0
2011.0,Nordeste,4.0,1.0,2.0,13743.0,6337.0,5825.0,2725.0,491.0,4622.0,71.0,9.0
2011.0,Nordeste,4.0,2.0,1.0,47246.0,10509.0,17684.0,5378.0,3559.0,20313.0,237.0,75.0
2011.0,Nordeste,4.0,2.0,2.0,5086.0,1030.0,1716.0,571.0,136.0,2640.0,18.0,5.0
2011.0,Nordeste,4.0,3.0,1.0,15601.0,4863.0,9845.0,2615.0,120.0,2958.0,50.0,13.0
2011.0,Nordeste,4.0,3.0,2.0,311.0,113.0,136.0,78.0,5.0,91.0,1.0,0.0
2011.0,Nordeste,4.0,4.0,1.0,235591.0,76900.0,100399.0,45126.0,5768.0,83317.0,769.0,212.0
2011.0,Nordeste,4.0,4.0,2.0,8799.0,2610.0,3552.0,930.0,235.0,4014.0,57.0,11.0
2011.0,Norte,1.0,0.0,1.0,27395.0,1021.0,12538.0,2928.0,784.0,10394.0,170.0,581.0
2011.0,Norte,1.0,0.0,2.0,2326.0,0.0,891.0,384.0,118.0,868.0,37.0,28.0
2011.0,Norte,2.0,0.0,1.0,1806321.0,345494.0,788515.0,155818.0,32354.0,814728.0,5659.0,9247.0
2011.0,Norte,2.0,0.0,2.0,217144.0,59061.0,99249.0,8905.0,2947.0,78594.0,665.0,26784.0
2011.0,Norte,3.0,0.0,1.0,1659409.0,803904.0,671958.0,151294.0,27821.0,796958.0,5355.0,6023.0
2011.0,Norte,3.0,0.0,2.0,1018699.0,577781.0,399376.0,54050.0,20592.0,491803.0,3119.0,49759.0
2011.0,Norte,4.0,0.0,1.0,0.0,0.0,0.0,0.0,0.0,0.0,0.0,0.0
2011.0,Norte,4.0,0.0,2.0,0.0,0.0,0.0,0.0,0.0,0.0,0.0,0.0
2011.0,Norte,4.0,1.0,1.0,325093.0,107998.0,143933.0,60077.0,4758.0,114139.0,1691.0,495.0
2011.0,Norte,4.0,1.0,2.0,2748.0,1097.0,1234.0,299.0,53.0,873.0,8.0,281.0
2011.0,Norte,4.0,2.0,1.0,2932.0,560.0,1276.0,382.0,49.0,1214.0,9.0,2.0
2011.0,Norte,4.0,2.0,2.0,3075.0,536.0,1476.0,275.0,107.0,1169.0,6.0,42.0
2011.0,Norte,4.0,3.0,1.0,8339.0,2884.0,4125.0,2113.0,68.0,1953.0,71.0,9.0
2011.0,Norte,4.0,3.0,2.0,34.0,0.0,16.0,3.0,1.0,13.0,1.0,0.0
2011.0,Norte,4.0,4.0,1.0,46173.0,13499.0,19218.0,9789.0,753.0,16138.0,206.0,69.0
2011.0,Norte,4.0,4.0,2.0,1629.0,362.0,1018.0,208.0,26.0,351.0,16.0,10.0
2011.0,Sudeste,1.0,0.0,1.0,77817.0,5328.0,44166.0,21370.0,2183.0,9625.0,356.0,117.0
2011.0,Sudeste,1.0,0.0,2.0,10290.0,0.0,3468.0,3815.0,328.0,2593.0,43.0,43.0
2011.0,Sudeste,2.0,0.0,1.0,8135128.0,1259227.0,2851703.0,2755381.0,298739.0,2183127.0,32595.0,13583.0
2011.0,Sudeste,2.0,0.0,2.0,195391.0,41814.0,66441.0,56048.0,7297.0,60536.0,1111.0,3958.0
2011.0,Sudeste,3.0,0.0,1.0,7324557.0,3380066.0,1770978.0,2908718.0,365315.0,2247938.0,21598.0,10010.0
2011.0,Sudeste,3.0,0.0,2.0,540128.0,330280.0,189338.0,161046.0,23198.0,163678.0,1529.0,1339.0
2011.0,Sudeste,4.0,0.0,1.0,0.0,0.0,0.0,0.0,0.0,0.0,0.0,0.0
2011.0,Sudeste,4.0,0.0,2.0,0.0,0.0,0.0,0.0,0.0,0.0,0.0,0.0
2011.0,Sudeste,4.0,1.0,1.0,2970125.0,885269.0,1210818.0,1356614.0,59187.0,318244.0,22358.0,2904.0
2011.0,Sudeste,4.0,1.0,2.0,10234.0,4009.0,4312.0,4174.0,260.0,1400.0,79.0,9.0
2011.0,Sudeste,4.0,2.0,1.0,126398.0,8344.0,41160.0,47272.0,6407.0,30872.0,583.0,104.0
2011.0,Sudeste,4.0,2.0,2.0,1911.0,0.0,896.0,485.0,53.0,464.0,7.0,6.0
2011.0,Sudeste,4.0,3.0,1.0,47631.0,11966.0,19699.0,20646.0,1007.0,6062.0,176.0,41.0
2011.0,Sudeste,4.0,4.0,1.0,673760.0,178225.0,248563.0,306843.0,19290.0,94697.0,3789.0,578.0
2011.0,Sudeste,4.0,4.0,2.0,7313.0,2340.0,2437.0,2953.0,223.0,1655.0,33.0,12.0
2011.0,Sul,1.0,0.0,1.0,34671.0,453.0,19128.0,13808.0,470.0,1135.0,100.0,30.0
2011.0,Sul,1.0,0.0,2.0,4722.0,0.0,2672.0,1826.0,60.0,152.0,8.0,4.0
2011.0,Sul,2.0,0.0,1.0,2849960.0,426017.0,1302746.0,1212167.0,46230.0,277780.0,6446.0,4591.0
2011.0,Sul,2.0,0.0,2.0,166918.0,41325.0,69626.0,71669.0,1478.0,13219.0,287.0,10639.0
2011.0,Sul,3.0,0.0,1.0,2318083.0,1200533.0,795017.0,1228446.0,48629.0,236571.0,6284.0,3136.0
2011.0,Sul,3.0,0.0,2.0,280826.0,173233.0,111018.0,144046.0,3667.0,20625.0,568.0,902.0
2011.0,Sul,4.0,0.0,1.0,0.0,0.0,0.0,0.0,0.0,0.0,0.0,0.0
2011.0,Sul,4.0,0.0,2.0,0.0,0.0,0.0,0.0,0.0,0.0,0.0,0.0
2011.0,Sul,4.0,1.0,1.0,555502.0,128555.0,232998.0,298422.0,4787.0,15059.0,3840.0,396.0
2011.0,Sul,4.0,1.0,2.0,1165.0,263.0,384.0,695.0,7.0,62.0,15.0,2.0
2011.0,Sul,4.0,2.0,1.0,33772.0,3092.0,8837.0,19996.0,2245.0,2460.0,183.0,51.0
2011.0,Sul,4.0,2.0,2.0,337.0,16.0,97.0,200.0,13.0,26.0,0.0,1.0
2011.0,Sul,4.0,3.0,1.0,17064.0,5458.0,8228.0,8199.0,98.0,418.0,101.0,20.0
2011.0,Sul,4.0,3.0,2.0,548.0,4.0,271.0,254.0,11.0,12.0,0.0,0.0
2011.0,Sul,4.0,4.0,1.0,331562.0,96751.0,153262.0,158307.0,5152.0,13471.0,1105.0,265.0
2011.0,Sul,4.0,4.0,2.0,1536.0,349.0,699.0,707.0,31.0,88.0,10.0,1.0
2012.0,Centro-Oeste,1.0,0.0,1.0,16421.0,268.0,8060.0,3717.0,755.0,3587.0,265.0,37.0
2012.0,Centro-Oeste,1.0,0.0,2.0,5821.0,0.0,2498.0,1447.0,298.0,1436.0,135.0,7.0
2012.0,Centro-Oeste,2.0,0.0,1.0,1608401.0,310956.0,801917.0,278840.0,33716.0,468025.0,21739.0,4164.0
2012.0,Centro-Oeste,2.0,0.0,2.0,92450.0,26203.0,50299.0,12119.0,1419.0,18639.0,449.0,9525.0
2012.0,Centro-Oeste,3.0,0.0,1.0,1146704.0,599222.0,378341.0,290928.0,25388.0,441830.0,6091.0,4126.0
2012.0,Centro-Oeste,3.0,0.0,2.0,143847.0,80662.0,58395.0,23102.0,2434.0,37510.0,620.0,21786.0
2012.0,Centro-Oeste,4.0,0.0,1.0,0.0,0.0,0.0,0.0,0.0,0.0,0.0,0.0
2012.0,Centro-Oeste,4.0,0.0,2.0,0.0,0.0,0.0,0.0,0.0,0.0,0.0,0.0
2012.0,Centro-Oeste,4.0,1.0,1.0,484420.0,161019.0,203532.0,172763.0,7707.0,95533.0,4415.0,470.0
2012.0,Centro-Oeste,4.0,1.0,2.0,2366.0,432.0,1378.0,329.0,55.0,523.0,74.0,7.0
2012.0,Centro-Oeste,4.0,2.0,1.0,7579.0,1746.0,2969.0,2108.0,163.0,2252.0,82.0,5.0
2012.0,Centro-Oeste,4.0,2.0,2.0,531.0,0.0,190.0,166.0,37.0,126.0,11.0,1.0
2012.0,Centro-Oeste,4.0,3.0,1.0,18242.0,5848.0,7205.0,7040.0,215.0,3507.0,227.0,48.0
2012.0,Centro-Oeste,4.0,4.0,1.0,118331.0,33745.0,47053.0,39221.0,2662.0,27969.0,1210.0,216.0
2012.0,Centro-Oeste,4.0,4.0,2.0,2375.0,514.0,1172.0,450.0,41.0,598.0,13.0,101.0
2012.0,Nordeste,1.0,0.0,1.0,75092.0,300.0,40399.0,11110.0,2520.0,20480.0,426.0,157.0
2012.0,Nordeste,1.0,0.0,2.0,12893.0,33.0,6415.0,1487.0,479.0,4418.0,59.0,35.0
2012.0,Nordeste,2.0,0.0,1.0,3864506.0,249932.0,1715949.0,367666.0,163041.0,1597980.0,12327.0,7543.0
2012.0,Nordeste,2.0,0.0,2.0,226701.0,35294.0,94556.0,15843.0,6842.0,78884.0,599.0,29977.0
2012.0,Nordeste,3.0,0.0,1.0,5603906.0,2369575.0,2100358.0,628669.0,193460.0,2648556.0,21591.0,11272.0
2012.0,Nordeste,3.0,0.0,2.0,3147394.0,1525253.0,1172850.0,313184.0,106934.0,1528703.0,13500.0,12223.0
2012.0,Nordeste,4.0,0.0,1.0,0.0,0.0,0.0,0.0,0.0,0.0,0.0,0.0
2012.0,Nordeste,4.0,0.0,2.0,0.0,0.0,0.0,0.0,0.0,0.0,0.0,0.0
2012.0,Nordeste,4.0,1.0,1.0,1977388.0,738508.0,873191.0,423245.0,47361.0,620910.0,10108.0,2573.0
2012.0,Nordeste,4.0,1.0,2.0,14742.0,7039.0,5842.0,3038.0,483.0,5290.0,74.0,15.0
2012.0,Nordeste,4.0,2.0,1.0,46969.0,11156.0,18059.0,5140.0,3936.0,19554.0,227.0,53.0
2012.0,Nordeste,4.0,2.0,2.0,4651.0,685.0,1850.0,523.0,134.0,2110.0,16.0,18.0
2012.0,Nordeste,4.0,3.0,1.0,14774.0,4694.0,8508.0,2769.0,132.0,3301.0,52.0,12.0
2012.0,Nordeste,4.0,3.0,2.0,327.0,176.0,102.0,64.0,1.0,92.0,4.0,64.0
2012.0,Nordeste,4.0,4.0,1.0,228301.0,74845.0,89457.0,46013.0,5998.0,85814.0,791.0,228.0
2012.0,Nordeste,4.0,4.0,2.0,10183.0,2607.0,3679.0,1133.0,372.0,4936.0,46.0,17.0
2012.0,Norte,1.0,0.0,1.0,28958.0,1070.0,13978.0,2948.0,725.0,10601.0,151.0,555.0
2012.0,Norte,1.0,0.0,2.0,2616.0,0.0,1057.0,433.0,129.0,936.0,37.0,24.0
2012.0,Norte,2.0,0.0,1.0,1803210.0,322034.0,715343.0,161882.0,33385.0,875940.0,5582.0,11078.0
2012.0,Norte,2.0,0.0,2.0,216706.0,54935.0,90423.0,9602.0,3187.0,82559.0,597.0,30338.0
2012.0,Norte,3.0,0.0,1.0,1680641.0,808101.0,645264.0,154216.0,28481.0,840066.0,5464.0,7150.0
2012.0,Norte,3.0,0.0,2.0,1001484.0,554523.0,370715.0,54405.0,19893.0,500610.0,2859.0,53002.0
2012.0,Norte,4.0,0.0,1.0,0.0,0.0,0.0,0.0,0.0,0.0,0.0,0.0
2012.0,Norte,4.0,0.0,2.0,0.0,0.0,0.0,0.0,0.0,0.0,0.0,0.0
2012.0,Norte,4.0,1.0,1.0,359879.0,119925.0,150829.0,67260.0,5323.0,134016.0,1849.0,602.0
2012.0,Norte,4.0,1.0,2.0,3234.0,1063.0,1595.0,367.0,55.0,956.0,8.0,253.0
2012.0,Norte,4.0,2.0,1.0,2906.0,497.0,1164.0,367.0,43.0,1323.0,8.0,1.0
2012.0,Norte,4.0,2.0,2.0,2770.0,521.0,1312.0,276.0,82.0,1075.0,6.0,19.0
2012.0,Norte,4.0,3.0,1.0,7172.0,2434.0,3222.0,2257.0,59.0,1580.0,44.0,10.0
2012.0,Norte,4.0,3.0,2.0,31.0,0.0,15.0,3.0,1.0,11.0,1.0,0.0
2012.0,Norte,4.0,4.0,1.0,48695.0,14782.0,18711.0,11060.0,831.0,17765.0,248.0,80.0
2012.0,Norte,4.0,4.0,2.0,1373.0,340.0,870.0,178.0,19.0,278.0,17.0,11.0
2012.0,Sudeste,1.0,0.0,1.0,81734.0,5326.0,43917.0,23970.0,2283.0,11081.0,377.0,106.0
2012.0,Sudeste,1.0,0.0,2.0,10606.0,0.0,2860.0,4539.0,394.0,2727.0,40.0,46.0
2012.0,Sudeste,2.0,0.0,1.0,7821813.0,1147262.0,2584839.0,2733123.0,292018.0,2170643.0,28519.0,12671.0
2012.0,Sudeste,2.0,0.0,2.0,189804.0,35992.0,63309.0,54857.0,7148.0,59517.0,1090.0,3883.0
2012.0,Sudeste,3.0,0.0,1.0,7343050.0,3303247.0,1661086.0,2981417.0,370740.0,2299827.0,20817.0,9163.0
2012.0,Sudeste,3.0,0.0,2.0,526461.0,313812.0,170071.0,163540.0,23048.0,167072.0,1422.0,1308.0
2012.0,Sudeste,4.0,0.0,1.0,0.0,0.0,0.0,0.0,0.0,0.0,0.0,0.0
2012.0,Sudeste,4.0,0.0,2.0,0.0,0.0,0.0,0.0,0.0,0.0,0.0,0.0
2012.0,Sudeste,4.0,1.0,1.0,3089654.0,919669.0,1171149.0,1479993.0,63192.0,349301.0,22966.0,3053.0
2012.0,Sudeste,4.0,1.0,2.0,11190.0,4484.0,4454.0,4574.0,292.0,1787.0,77.0,6.0
2012.0,Sudeste,4.0,2.0,1.0,123966.0,7188.0,40020.0,46639.0,6094.0,30515.0,606.0,92.0
2012.0,Sudeste,4.0,2.0,2.0,1723.0,6.0,677.0,505.0,52.0,480.0,4.0,5.0
2012.0,Sudeste,4.0,3.0,1.0,41042.0,13374.0,15087.0,20413.0,758.0,4608.0,150.0,26.0
2012.0,Sudeste,4.0,4.0,1.0,710451.0,169195.0,276555.0,309900.0,19470.0,100247.0,3767.0,512.0
2012.0,Sudeste,4.0,4.0,2.0,6968.0,1936.0,2148.0,3022.0,210.0,1540.0,41.0,7.0
2012.0,Sul,1.0,0.0,1.0,37351.0,486.0,19534.0,15682.0,566.0,1424.0,126.0,19.0
2012.0,Sul,1.0,0.0,2.0,4944.0,0.0,2788.0,1910.0,79.0,155.0,8.0,4.0
2012.0,Sul,2.0,0.0,1.0,2739940.0,403426.0,1200702.0,1209830.0,46312.0,272478.0,6238.0,4380.0
2012.0,Sul,2.0,0.0,2.0,158385.0,39086.0,60371.0,71697.0,1467.0,13469.0,273.0,11108.0
2012.0,Sul,3.0,0.0,1.0,2358373.0,1220759.0,760328.0,1295116.0,50027.0,243272.0,6577.0,3053.0
2012.0,Sul,3.0,0.0,2.0,272619.0,168895.0,98147.0,149380.0,3738.0,19784.0,640.0,930.0
2012.0,Sul,4.0,0.0,1.0,0.0,0.0,0.0,0.0,0.0,0.0,0.0,0.0
2012.0,Sul,4.0,0.0,2.0,0.0,0.0,0.0,0.0,0.0,0.0,0.0,0.0
2012.0,Sul,4.0,1.0,1.0,579511.0,145327.0,220622.0,331944.0,5286.0,16860.0,4442.0,357.0
2012.0,Sul,4.0,1.0,2.0,1156.0,312.0,287.0,763.0,3.0,83.0,18.0,2.0
2012.0,Sul,4.0,2.0,1.0,34238.0,3347.0,9882.0,19584.0,2321.0,2274.0,136.0,41.0
2012.0,Sul,4.0,2.0,2.0,242.0,5.0,69.0,150.0,4.0,19.0,0.0,0.0
2012.0,Sul,4.0,3.0,1.0,19617.0,7284.0,9280.0,9562.0,177.0,477.0,106.0,15.0
2012.0,Sul,4.0,3.0,2.0,566.0,4.0,280.0,265.0,9.0,12.0,0.0,0.0
2012.0,Sul,4.0,4.0,1.0,342986.0,103186.0,146061.0,173920.0,5949.0,15804.0,963.0,289.0
2012.0,Sul,4.0,4.0,2.0,1670.0,344.0,674.0,829.0,44.0,111.0,9.0,3.0
2013.0,Centro-Oeste,1.0,0.0,1.0,16682.0,265.0,8366.0,3740.0,678.0,3616.0,253.0,29.0
2013.0,Centro-Oeste,1.0,0.0,2.0,6436.0,0.0,2978.0,1501.0,301.0,1501.0,141.0,14.0
2013.0,Centro-Oeste,2.0,0.0,1.0,1562664.0,296751.0,770960.0,273297.0,30726.0,466686.0,16649.0,4346.0
2013.0,Centro-Oeste,2.0,0.0,2.0,90807.0,24519.0,47892.0,12055.0,1492.0,19384.0,389.0,9595.0
2013.0,Centro-Oeste,3.0,0.0,1.0,1158133.0,602007.0,364181.0,297413.0,25960.0,460703.0,5603.0,4273.0
2013.0,Centro-Oeste,3.0,0.0,2.0,142435.0,79053.0,54850.0,22811.0,2531.0,38449.0,636.0,23158.0
2013.0,Centro-Oeste,4.0,0.0,1.0,0.0,0.0,0.0,0.0,0.0,0.0,0.0,0.0
2013.0,Centro-Oeste,4.0,0.0,2.0,0.0,0.0,0.0,0.0,0.0,0.0,0.0,0.0
2013.0,Centro-Oeste,4.0,1.0,1.0,514165.0,169419.0,201194.0,190824.0,7923.0,109279.0,4471.0,474.0
2013.0,Centro-Oeste,4.0,1.0,2.0,2270.0,383.0,1248.0,393.0,43.0,561.0,16.0,9.0
2013.0,Centro-Oeste,4.0,2.0,1.0,8677.0,2412.0,4155.0,2523.0,108.0,1801.0,83.0,7.0
2013.0,Centro-Oeste,4.0,2.0,2.0,514.0,0.0,231.0,144.0,24.0,108.0,7.0,0.0
2013.0,Centro-Oeste,4.0,3.0,1.0,11953.0,4340.0,3884.0,4999.0,132.0,2809.0,103.0,26.0
2013.0,Centro-Oeste,4.0,4.0,1.0,121635.0,34268.0,46000.0,40713.0,2700.0,30761.0,1237.0,224.0
2013.0,Centro-Oeste,4.0,4.0,2.0,2046.0,333.0,883.0,421.0,25.0,613.0,6.0,98.0
2013.0,Nordeste,1.0,0.0,1.0,82643.0,334.0,43949.0,12161.0,2607.0,23325.0,439.0,162.0
2013.0,Nordeste,1.0,0.0,2.0,12815.0,49.0,6609.0,1454.0,374.0,4294.0,52.0,32.0
2013.0,Nordeste,2.0,0.0,1.0,3576824.0,189392.0,1446161.0,360789.0,163114.0,1587882.0,11211.0,7667.0
2013.0,Nordeste,2.0,0.0,2.0,221218.0,33327.0,84731.0,15704.0,6365.0,78981.0,588.0,34849.0
2013.0,Nordeste,3.0,0.0,1.0,5643135.0,2347805.0,1990915.0,655298.0,195492.0,2768019.0,21384.0,12027.0
2013.0,Nordeste,3.0,0.0,2.0,3081732.0,1445517.0,1083995.0,315321.0,105538.0,1551113.0,12903.0,12862.0
2013.0,Nordeste,4.0,0.0,1.0,0.0,0.0,0.0,0.0,0.0,0.0,0.0,0.0
2013.0,Nordeste,4.0,0.0,2.0,0.0,0.0,0.0,0.0,0.0,0.0,0.0,0.0
2013.0,Nordeste,4.0,1.0,1.0,2026400.0,759369.0,861847.0,444461.0,46752.0,660861.0,9974.0,2505.0
2013.0,Nordeste,4.0,1.0,2.0,14861.0,6780.0,5732.0,3127.0,442.0,5499.0,48.0,13.0
2013.0,Nordeste,4.0,2.0,1.0,44363.0,10744.0,16861.0,5076.0,3264.0,18918.0,194.0,50.0
2013.0,Nordeste,4.0,2.0,2.0,8358.0,777.0,3879.0,813.0,275.0,3346.0,30.0,15.0
2013.0,Nordeste,4.0,3.0,1.0,16667.0,5289.0,8669.0,3524.0,178.0,4236.0,47.0,13.0
2013.0,Nordeste,4.0,3.0,2.0,256.0,107.0,107.0,39.0,5.0,51.0,4.0,50.0
2013.0,Nordeste,4.0,4.0,1.0,228546.0,74095.0,83339.0,47756.0,6332.0,90044.0,861.0,214.0
2013.0,Nordeste,4.0,4.0,2.0,11018.0,2791.0,3765.0,1132.0,377.0,5682.0,46.0,16.0
2013.0,Norte,1.0,0.0,1.0,28823.0,1091.0,13639.0,3086.0,697.0,10729.0,147.0,525.0
2013.0,Norte,1.0,0.0,2.0,2561.0,0.0,1080.0,364.0,134.0,947.0,19.0,17.0
2013.0,Norte,2.0,0.0,1.0,1734859.0,299868.0,657830.0,161478.0,32081.0,867669.0,5139.0,10662.0
2013.0,Norte,2.0,0.0,2.0,214993.0,51816.0,85003.0,9896.0,3236.0,84150.0,571.0,32137.0
2013.0,Norte,3.0,0.0,1.0,1718422.0,829279.0,625478.0,162117.0,28807.0,889058.0,5023.0,7939.0
2013.0,Norte,3.0,0.0,2.0,998424.0,540406.0,359758.0,52860.0,19439.0,506375.0,2912.0,57080.0
2013.0,Norte,4.0,0.0,1.0,0.0,0.0,0.0,0.0,0.0,0.0,0.0,0.0
2013.0,Norte,4.0,0.0,2.0,0.0,0.0,0.0,0.0,0.0,0.0,0.0,0.0
2013.0,Norte,4.0,1.0,1.0,382036.0,126712.0,152824.0,72242.0,5619.0,148820.0,1889.0,642.0
2013.0,Norte,4.0,1.0,2.0,2948.0,834.0,1380.0,463.0,53.0,1040.0,6.0,6.0
2013.0,Norte,4.0,2.0,1.0,2202.0,406.0,1033.0,326.0,36.0,805.0,2.0,0.0
2013.0,Norte,4.0,2.0,2.0,2986.0,537.0,1329.0,296.0,78.0,1236.0,10.0,37.0
2013.0,Norte,4.0,3.0,1.0,6691.0,2182.0,2594.0,2234.0,69.0,1748.0,33.0,13.0
2013.0,Norte,4.0,3.0,2.0,42.0,0.0,18.0,3.0,2.0,18.0,1.0,0.0
2013.0,Norte,4.0,4.0,1.0,48152.0,14896.0,17196.0,11027.0,776.0,18896.0,203.0,54.0
2013.0,Norte,4.0,4.0,2.0,1349.0,321.0,813.0,173.0,20.0,312.0,19.0,12.0
2013.0,Sudeste,1.0,0.0,1.0,88322.0,5211.0,43302.0,28503.0,2614.0,13278.0,517.0,108.0
2013.0,Sudeste,1.0,0.0,2.0,9150.0,0.0,1837.0,4135.0,377.0,2739.0,49.0,13.0
2013.0,Sudeste,2.0,0.0,1.0,7558230.0,1078738.0,2369322.0,2713868.0,284985.0,2151559.0,26699.0,11797.0
2013.0,Sudeste,2.0,0.0,2.0,184548.0,32959.0,61717.0,53836.0,6664.0,57306.0,850.0,4175.0
2013.0,Sudeste,3.0,0.0,1.0,7325476.0,3260564.0,1621950.0,2992024.0,366090.0,2317258.0,19770.0,8384.0
2013.0,Sudeste,3.0,0.0,2.0,512538.0,298508.0,156609.0,163733.0,22501.0,167028.0,1393.0,1274.0
2013.0,Sudeste,4.0,0.0,1.0,0.0,0.0,0.0,0.0,0.0,0.0,0.0,0.0
2013.0,Sudeste,4.0,0.0,2.0,0.0,0.0,0.0,0.0,0.0,0.0,0.0,0.0
2013.0,Sudeste,4.0,1.0,1.0,3221481.0,965534.0,1154410.0,1586463.0,69246.0,385244.0,23308.0,2810.0
2013.0,Sudeste,4.0,1.0,2.0,11913.0,4975.0,4597.0,4980.0,344.0,1921.0,65.0,6.0
2013.0,Sudeste,4.0,2.0,1.0,123342.0,6525.0,37563.0,47550.0,6167.0,31513.0,478.0,71.0
2013.0,Sudeste,4.0,2.0,2.0,1776.0,65.0,709.0,493.0,56.0,512.0,3.0,3.0
2013.0,Sudeste,4.0,3.0,1.0,39957.0,13437.0,14734.0,20144.0,632.0,4285.0,144.0,18.0
2013.0,Sudeste,4.0,3.0,2.0,278.0,258.0,71.0,126.0,6.0,74.0,1.0,0.0
2013.0,Sudeste,4.0,4.0,1.0,723246.0,171874.0,290186.0,310812.0,18878.0,99150.0,3770.0,450.0
2013.0,Sudeste,4.0,4.0,2.0,6347.0,1533.0,1712.0,2923.0,235.0,1435.0,39.0,3.0
2013.0,Sul,1.0,0.0,1.0,37824.0,489.0,18407.0,16799.0,712.0,1722.0,156.0,28.0
2013.0,Sul,1.0,0.0,2.0,5540.0,0.0,3174.0,2122.0,64.0,169.0,6.0,5.0
2013.0,Sul,2.0,0.0,1.0,2630748.0,383444.0,1087294.0,1215962.0,47564.0,269643.0,6107.0,4178.0
2013.0,Sul,2.0,0.0,2.0,151677.0,37374.0,54048.0,71261.0,1493.0,12913.0,289.0,11673.0
2013.0,Sul,3.0,0.0,1.0,2369732.0,1225087.0,717791.0,1344328.0,50831.0,246999.0,6693.0,3090.0
2013.0,Sul,3.0,0.0,2.0,265025.0,162992.0,86632.0,153411.0,3901.0,19472.0,616.0,993.0
2013.0,Sul,4.0,0.0,1.0,0.0,0.0,0.0,0.0,0.0,0.0,0.0,0.0
2013.0,Sul,4.0,0.0,2.0,0.0,0.0,0.0,0.0,0.0,0.0,0.0,0.0
2013.0,Sul,4.0,1.0,1.0,621356.0,154416.0,228894.0,362244.0,5853.0,19234.0,4786.0,345.0
2013.0,Sul,4.0,1.0,2.0,1292.0,341.0,345.0,830.0,7.0,96.0,11.0,3.0
2013.0,Sul,4.0,2.0,1.0,33792.0,3009.0,9839.0,19486.0,2199.0,2147.0,91.0,30.0
2013.0,Sul,4.0,2.0,2.0,282.0,7.0,72.0,188.0,6.0,16.0,0.0,0.0
2013.0,Sul,4.0,3.0,1.0,19477.0,7191.0,8320.0,10320.0,185.0,512.0,125.0,15.0
2013.0,Sul,4.0,3.0,2.0,508.0,0.0,239.0,255.0,6.0,8.0,0.0,0.0
2013.0,Sul,4.0,4.0,1.0,345252.0,104161.0,140694.0,181391.0,5985.0,15911.0,986.0,285.0
2013.0,Sul,4.0,4.0,2.0,1598.0,335.0,543.0,873.0,38.0,129.0,13.0,2.0
2014.0,Centro-Oeste,1.0,0.0,1.0,17682.0,262.0,8938.0,3847.0,694.0,3887.0,246.0,70.0
2014.0,Centro-Oeste,1.0,0.0,2.0,5597.0,0.0,2491.0,1384.0,211.0,1383.0,105.0,23.0
2014.0,Centro-Oeste,2.0,0.0,1.0,1528466.0,285543.0,739269.0,269156.0,29999.0,472406.0,12930.0,4706.0
2014.0,Centro-Oeste,2.0,0.0,2.0,90769.0,23611.0,46344.0,12295.0,1606.0,20328.0,330.0,9866.0
2014.0,Centro-Oeste,3.0,0.0,1.0,1171650.0,601419.0,351125.0,304362.0,27866.0,478729.0,5349.0,4219.0
2014.0,Centro-Oeste,3.0,0.0,2.0,142311.0,77424.0,51956.0,23283.0,2469.0,39563.0,596.0,24444.0
2014.0,Centro-Oeste,4.0,0.0,1.0,0.0,0.0,0.0,0.0,0.0,0.0,0.0,0.0
2014.0,Centro-Oeste,4.0,0.0,2.0,0.0,0.0,0.0,0.0,0.0,0.0,0.0,0.0
2014.0,Centro-Oeste,4.0,1.0,1.0,548132.0,175155.0,201040.0,207283.0,9211.0,124758.0,5319.0,521.0
2014.0,Centro-Oeste,4.0,1.0,2.0,2233.0,371.0,1210.0,376.0,42.0,588.0,9.0,8.0
2014.0,Centro-Oeste,4.0,2.0,1.0,8636.0,2425.0,3974.0,2577.0,150.0,1870.0,59.0,6.0
2014.0,Centro-Oeste,4.0,2.0,2.0,528.0,0.0,260.0,127.0,19.0,114.0,8.0,0.0
2014.0,Centro-Oeste,4.0,3.0,1.0,10407.0,3385.0,2895.0,4578.0,165.0,2585.0,139.0,45.0
2014.0,Centro-Oeste,4.0,4.0,1.0,125714.0,34786.0,45247.0,43868.0,2725.0,32537.0,1142.0,195.0
2014.0,Centro-Oeste,4.0,4.0,2.0,2403.0,664.0,1010.0,509.0,37.0,717.0,13.0,117.0
2014.0,Nordeste,1.0,0.0,1.0,87123.0,258.0,45662.0,12526.0,2665.0,25745.0,381.0,144.0
2014.0,Nordeste,1.0,0.0,2.0,13860.0,60.0,7037.0,1576.0,382.0,4788.0,46.0,31.0
2014.0,Nordeste,2.0,0.0,1.0,3376994.0,159237.0,1260655.0,356931.0,183297.0,1555761.0,12040.0,8310.0
2014.0,Nordeste,2.0,0.0,2.0,215875.0,28985.0,81162.0,15821.0,6775.0,80646.0,595.0,30876.0
2014.0,Nordeste,3.0,0.0,1.0,5580959.0,2305699.0,1881170.0,660415.0,192477.0,2814590.0,20831.0,11476.0
2014.0,Nordeste,3.0,0.0,2.0,3003146.0,1395017.0,1018588.0,309162.0,101509.0,1549335.0,12076.0,12476.0
2014.0,Nordeste,4.0,0.0,1.0,0.0,0.0,0.0,0.0,0.0,0.0,0.0,0.0
2014.0,Nordeste,4.0,0.0,2.0,0.0,0.0,0.0,0.0,0.0,0.0,0.0,0.0
2014.0,Nordeste,4.0,1.0,1.0,2211623.0,796529.0,943156.0,472510.0,50846.0,732350.0,10097.0,2664.0
2014.0,Nordeste,4.0,1.0,2.0,16751.0,7828.0,6571.0,3555.0,437.0,6127.0,48.0,13.0
2014.0,Nordeste,4.0,2.0,1.0,42524.0,10925.0,16171.0,5018.0,2917.0,18206.0,163.0,49.0
2014.0,Nordeste,4.0,2.0,2.0,11015.0,362.0,5482.0,969.0,311.0,4209.0,29.0,15.0
2014.0,Nordeste,4.0,3.0,1.0,16416.0,5355.0,7973.0,3994.0,178.0,4223.0,35.0,13.0
2014.0,Nordeste,4.0,3.0,2.0,347.0,132.0,175.0,65.0,7.0,96.0,4.0,0.0
2014.0,Nordeste,4.0,4.0,1.0,218567.0,71160.0,75770.0,46146.0,6173.0,89397.0,848.0,233.0
2014.0,Nordeste,4.0,4.0,2.0,11514.0,3211.0,4177.0,1293.0,332.0,5671.0,33.0,8.0
2014.0,Norte,1.0,0.0,1.0,30782.0,995.0,13204.0,3495.0,852.0,12407.0,172.0,652.0
2014.0,Norte,1.0,0.0,2.0,2937.0,0.0,1215.0,410.0,119.0,1152.0,22.0,19.0
2014.0,Norte,2.0,0.0,1.0,1689487.0,271416.0,608558.0,160370.0,31289.0,873246.0,4828.0,11196.0
2014.0,Norte,2.0,0.0,2.0,208880.0,49795.0,76794.0,9972.0,3196.0,86083.0,605.0,32230.0
2014.0,Norte,3.0,0.0,1.0,1728323.0,846753.0,616919.0,164737.0,28551.0,904402.0,4899.0,8815.0
2014.0,Norte,3.0,0.0,2.0,989656.0,532816.0,353059.0,51349.0,18754.0,504570.0,2714.0,59210.0
2014.0,Norte,4.0,0.0,1.0,0.0,0.0,0.0,0.0,0.0,0.0,0.0,0.0
2014.0,Norte,4.0,0.0,2.0,0.0,0.0,0.0,0.0,0.0,0.0,0.0,0.0
2014.0,Norte,4.0,1.0,1.0,420780.0,135412.0,162449.0,79341.0,6205.0,169871.0,2154.0,760.0
2014.0,Norte,4.0,1.0,2.0,2743.0,979.0,1184.0,477.0,29.0,1042.0,3.0,8.0
2014.0,Norte,4.0,2.0,1.0,1741.0,185.0,1082.0,154.0,29.0,470.0,6.0,0.0
2014.0,Norte,4.0,2.0,2.0,3794.0,527.0,1691.0,352.0,131.0,1562.0,14.0,44.0
2014.0,Norte,4.0,3.0,1.0,6141.0,2135.0,2171.0,2337.0,52.0,1546.0,27.0,8.0
2014.0,Norte,4.0,3.0,2.0,49.0,0.0,15.0,1.0,2.0,28.0,3.0,0.0
2014.0,Norte,4.0,4.0,1.0,45010.0,13515.0,15819.0,9828.0,671.0,18454.0,182.0,56.0
2014.0,Norte,4.0,4.0,2.0,1234.0,315.0,593.0,202.0,24.0,376.0,20.0,19.0
2014.0,Sudeste,1.0,0.0,1.0,84119.0,5156.0,39483.0,27474.0,2623.0,13846.0,586.0,107.0
2014.0,Sudeste,1.0,0.0,2.0,9100.0,0.0,1826.0,3945.0,349.0,2926.0,41.0,13.0
2014.0,Sudeste,2.0,0.0,1.0,7313827.0,1079324.0,2180122.0,2690954.0,279404.0,2127799.0,24761.0,10787.0
2014.0,Sudeste,2.0,0.0,2.0,170941.0,29446.0,55893.0,50304.0,6170.0,53561.0,726.0,4287.0
2014.0,Sudeste,3.0,0.0,1.0,7328483.0,3304135.0,1605350.0,3004280.0,362748.0,2328985.0,19400.0,7720.0
2014.0,Sudeste,3.0,0.0,2.0,507120.0,290057.0,150341.0,164867.0,22052.0,167333.0,1284.0,1243.0
2014.0,Sudeste,4.0,0.0,1.0,0.0,0.0,0.0,0.0,0.0,0.0,0.0,0.0
2014.0,Sudeste,4.0,0.0,2.0,0.0,0.0,0.0,0.0,0.0,0.0,0.0,0.0
2014.0,Sudeste,4.0,1.0,1.0,3368725.0,997306.0,1161757.0,1677827.0,77617.0,423149.0,23795.0,4580.0
2014.0,Sudeste,4.0,1.0,2.0,12189.0,5138.0,4707.0,5039.0,355.0,2016.0,67.0,5.0
2014.0,Sudeste,4.0,2.0,1.0,123498.0,6279.0,34730.0,49629.0,6022.0,32571.0,483.0,63.0
2014.0,Sudeste,4.0,2.0,2.0,1785.0,80.0,695.0,504.0,57.0,523.0,5.0,1.0
2014.0,Sudeste,4.0,3.0,1.0,44433.0,15563.0,12830.0,25237.0,817.0,5297.0,228.0,24.0
2014.0,Sudeste,4.0,4.0,1.0,734111.0,172687.0,292950.0,317624.0,18819.0,100527.0,3747.0,444.0
2014.0,Sudeste,4.0,4.0,2.0,7259.0,2091.0,1937.0,3367.0,247.0,1644.0,54.0,10.0
2014.0,Sul,1.0,0.0,1.0,40168.0,491.0,18691.0,18304.0,837.0,2132.0,175.0,29.0
2014.0,Sul,1.0,0.0,2.0,5377.0,0.0,2873.0,2234.0,57.0,193.0,3.0,17.0
2014.0,Sul,2.0,0.0,1.0,2553611.0,367068.0,1001470.0,1224163.0,47966.0,269728.0,6115.0,4169.0
2014.0,Sul,2.0,0.0,2.0,145507.0,35483.0,47707.0,71412.0,1535.0,12644.0,278.0,11931.0
2014.0,Sul,3.0,0.0,1.0,2379748.0,1211358.0,691550.0,1377374.0,52183.0,249146.0,6412.0,3083.0
2014.0,Sul,3.0,0.0,2.0,258092.0,157988.0,77906.0,155897.0,4023.0,18642.0,627.0,997.0
2014.0,Sul,4.0,0.0,1.0,0.0,0.0,0.0,0.0,0.0,0.0,0.0,0.0
2014.0,Sul,4.0,0.0,2.0,0.0,0.0,0.0,0.0,0.0,0.0,0.0,0.0
2014.0,Sul,4.0,1.0,1.0,681137.0,161766.0,241608.0,402309.0,7081.0,23722.0,5264.0,1153.0
2014.0,Sul,4.0,1.0,2.0,1197.0,317.0,222.0,856.0,13.0,94.0,10.0,2.0
2014.0,Sul,4.0,2.0,1.0,34338.0,3209.0,9682.0,20437.0,2085.0,2045.0,68.0,21.0
2014.0,Sul,4.0,2.0,2.0,450.0,5.0,194.0,236.0,3.0,17.0,0.0,0.0
2014.0,Sul,4.0,3.0,1.0,17994.0,6830.0,6879.0,10325.0,127.0,506.0,149.0,8.0
2014.0,Sul,4.0,3.0,2.0,526.0,0.0,236.0,274.0,5.0,11.0,0.0,0.0
2014.0,Sul,4.0,4.0,1.0,353582.0,108522.0,137112.0,192604.0,6066.0,16394.0,1128.0,278.0
2014.0,Sul,4.0,4.0,2.0,1255.0,189.0,401.0,687.0,51.0,106.0,10.0,0.0
2015.0,Centro-Oeste,1.0,0.0,1.0,26400.0,262.0,12363.0,5530.0,1134.0,6991.0,291.0,91.0
2015.0,Centro-Oeste,1.0,0.0,2.0,10710.0,0.0,4610.0,2574.0,381.0,2927.0,185.0,33.0
2015.0,Centro-Oeste,2.0,0.0,1.0,1512274.0,278150.0,698344.0,273519.0,31177.0,494110.0,10001.0,5123.0
2015.0,Centro-Oeste,2.0,0.0,2.0,91625.0,23601.0,44876.0,12434.0,1680.0,22068.0,320.0,10247.0
2015.0,Centro-Oeste,3.0,0.0,1.0,1166921.0,595496.0,324343.0,309156.0,27411.0,496523.0,5264.0,4224.0
2015.0,Centro-Oeste,3.0,0.0,2.0,139393.0,75284.0,47765.0,22918.0,2418.0,40335.0,982.0,24975.0
2015.0,Centro-Oeste,4.0,0.0,1.0,0.0,0.0,0.0,0.0,0.0,0.0,0.0,0.0
2015.0,Centro-Oeste,4.0,0.0,2.0,0.0,0.0,0.0,0.0,0.0,0.0,0.0,0.0
2015.0,Centro-Oeste,4.0,1.0,1.0,543013.0,177478.0,194680.0,209924.0,8570.0,124410.0,4953.0,476.0
2015.0,Centro-Oeste,4.0,1.0,2.0,2317.0,362.0,1175.0,369.0,37.0,704.0,23.0,9.0
2015.0,Centro-Oeste,4.0,2.0,1.0,6785.0,1986.0,3227.0,1864.0,130.0,1513.0,49.0,2.0
2015.0,Centro-Oeste,4.0,2.0,2.0,521.0,0.0,235.0,128.0,18.0,126.0,13.0,1.0
2015.0,Centro-Oeste,4.0,3.0,1.0,12623.0,3835.0,3448.0,5159.0,161.0,3662.0,153.0,40.0
2015.0,Centro-Oeste,4.0,4.0,1.0,130423.0,35606.0,42166.0,47371.0,2874.0,36835.0,1010.0,167.0
2015.0,Centro-Oeste,4.0,4.0,2.0,1919.0,413.0,694.0,460.0,26.0,622.0,7.0,110.0
2015.0,Nordeste,1.0,0.0,1.0,106185.0,261.0,52106.0,15521.0,3472.0,34405.0,490.0,191.0
2015.0,Nordeste,1.0,0.0,2.0,17451.0,54.0,8540.0,1980.0,527.0,6324.0,57.0,23.0
2015.0,Nordeste,2.0,0.0,1.0,3172258.0,135984.0,1139625.0,337637.0,170961.0,1505333.0,10849.0,7853.0
2015.0,Nordeste,2.0,0.0,2.0,230565.0,29576.0,81397.0,17214.0,7153.0,87386.0,633.0,36782.0
2015.0,Nordeste,3.0,0.0,1.0,5502576.0,2273869.0,1751555.0,666765.0,190698.0,2861830.0,20051.0,11677.0
2015.0,Nordeste,3.0,0.0,2.0,2888926.0,1338315.0,941296.0,300391.0,96604.0,1525975.0,11269.0,13391.0
2015.0,Nordeste,4.0,0.0,1.0,0.0,0.0,0.0,0.0,0.0,0.0,0.0,0.0
2015.0,Nordeste,4.0,0.0,2.0,0.0,0.0,0.0,0.0,0.0,0.0,0.0,0.0
2015.0,Nordeste,4.0,1.0,1.0,2167555.0,804227.0,883444.0,475403.0,48830.0,747382.0,10045.0,2451.0
2015.0,Nordeste,4.0,1.0,2.0,17046.0,7691.0,6608.0,3608.0,436.0,6248.0,68.0,78.0
2015.0,Nordeste,4.0,2.0,1.0,39787.0,10485.0,14748.0,4960.0,2463.0,17347.0,216.0,53.0
2015.0,Nordeste,4.0,2.0,2.0,12809.0,649.0,5634.0,1217.0,391.0,5504.0,35.0,28.0
2015.0,Nordeste,4.0,3.0,1.0,14682.0,5152.0,6799.0,3626.0,154.0,4058.0,36.0,9.0
2015.0,Nordeste,4.0,3.0,2.0,511.0,275.0,285.0,58.0,9.0,157.0,2.0,0.0
2015.0,Nordeste,4.0,4.0,1.0,223956.0,75564.0,77207.0,46339.0,6603.0,92693.0,909.0,205.0
2015.0,Nordeste,4.0,4.0,2.0,11085.0,3391.0,3894.0,1251.0,302.0,5602.0,29.0,7.0
2015.0,Norte,1.0,0.0,1.0,35889.0,960.0,13989.0,4197.0,1093.0,15507.0,176.0,927.0
2015.0,Norte,1.0,0.0,2.0,2979.0,0.0,836.0,546.0,158.0,1394.0,29.0,16.0
2015.0,Norte,2.0,0.0,1.0,1645367.0,256056.0,557358.0,161672.0,31145.0,879270.0,4517.0,11405.0
2015.0,Norte,2.0,0.0,2.0,210287.0,47534.0,73427.0,10265.0,3218.0,87744.0,543.0,35090.0
2015.0,Norte,3.0,0.0,1.0,1727684.0,853680.0,595378.0,166691.0,28191.0,923453.0,4703.0,9268.0
2015.0,Norte,3.0,0.0,2.0,969955.0,520218.0,337319.0,49475.0,17930.0,499858.0,2596.0,62777.0
2015.0,Norte,4.0,0.0,1.0,0.0,0.0,0.0,0.0,0.0,0.0,0.0,0.0
2015.0,Norte,4.0,0.0,2.0,0.0,0.0,0.0,0.0,0.0,0.0,0.0,0.0
2015.0,Norte,4.0,1.0,1.0,416722.0,137340.0,154911.0,79040.0,6132.0,173942.0,1955.0,742.0
2015.0,Norte,4.0,1.0,2.0,2568.0,1008.0,899.0,469.0,45.0,1141.0,3.0,11.0
2015.0,Norte,4.0,2.0,1.0,1683.0,250.0,977.0,132.0,19.0,541.0,13.0,1.0
2015.0,Norte,4.0,2.0,2.0,3107.0,1.0,1502.0,338.0,90.0,1131.0,12.0,34.0
2015.0,Norte,4.0,3.0,1.0,5863.0,2025.0,1890.0,2274.0,55.0,1614.0,22.0,8.0
2015.0,Norte,4.0,3.0,2.0,46.0,0.0,16.0,1.0,3.0,25.0,1.0,0.0
2015.0,Norte,4.0,4.0,1.0,47606.0,14751.0,15147.0,11141.0,692.0,20330.0,236.0,60.0
2015.0,Norte,4.0,4.0,2.0,2028.0,830.0,682.0,278.0,48.0,973.0,21.0,26.0
2015.0,Sudeste,1.0,0.0,1.0,94758.0,5157.0,40553.0,31516.0,3524.0,18421.0,627.0,117.0
2015.0,Sudeste,1.0,0.0,2.0,22742.0,0.0,5699.0,8866.0,1075.0,6967.0,81.0,54.0
2015.0,Sudeste,2.0,0.0,1.0,6918871.0,1044460.0,1886655.0,2620171.0,281074.0,2099092.0,22297.0,9582.0
2015.0,Sudeste,2.0,0.0,2.0,166434.0,28705.0,49238.0,51260.0,6394.0,54521.0,608.0,4413.0
2015.0,Sudeste,3.0,0.0,1.0,7272783.0,3269543.0,1472371.0,3034918.0,364165.0,2374644.0,19261.0,7424.0
2015.0,Sudeste,3.0,0.0,2.0,489539.0,277351.0,134423.0,163366.0,21912.0,167431.0,1220.0,1187.0
2015.0,Sudeste,4.0,0.0,1.0,0.0,0.0,0.0,0.0,0.0,0.0,0.0,0.0
2015.0,Sudeste,4.0,0.0,2.0,0.0,0.0,0.0,0.0,0.0,0.0,0.0,0.0
2015.0,Sudeste,4.0,1.0,1.0,3311256.0,996593.0,1088871.0,1698515.0,76351.0,421539.0,22787.0,3193.0
2015.0,Sudeste,4.0,1.0,2.0,11378.0,4812.0,4431.0,4616.0,341.0,1923.0,51.0,16.0
2015.0,Sudeste,4.0,2.0,1.0,128625.0,8601.0,34132.0,53894.0,5962.0,34058.0,505.0,74.0
2015.0,Sudeste,4.0,2.0,2.0,1824.0,0.0,612.0,553.0,68.0,584.0,5.0,2.0
2015.0,Sudeste,4.0,3.0,1.0,41305.0,14417.0,10815.0,23971.0,779.0,5451.0,272.0,17.0
2015.0,Sudeste,4.0,4.0,1.0,769499.0,176512.0,284022.0,346039.0,20221.0,114691.0,4026.0,500.0
2015.0,Sudeste,4.0,4.0,2.0,7888.0,2143.0,1899.0,3734.0,295.0,1901.0,50.0,9.0
2015.0,Sul,1.0,0.0,1.0,53533.0,491.0,25891.0,23095.0,1245.0,3067.0,179.0,56.0
2015.0,Sul,1.0,0.0,2.0,5583.0,0.0,2314.0,2876.0,96.0,280.0,5.0,12.0
2015.0,Sul,2.0,0.0,1.0,2460289.0,351604.0,817394.0,1292135.0,51754.0,288792.0,5971.0,4243.0
2015.0,Sul,2.0,0.0,2.0,140738.0,33292.0,36315.0,76363.0,1691.0,13659.0,283.0,12427.0
2015.0,Sul,3.0,0.0,1.0,2403094.0,1199655.0,581307.0,1477238.0,56888.0,277810.0,6538.0,3313.0
2015.0,Sul,3.0,0.0,2.0,252971.0,150801.0,60537.0,165057.0,4532.0,21155.0,666.0,1024.0
2015.0,Sul,4.0,0.0,1.0,0.0,0.0,0.0,0.0,0.0,0.0,0.0,0.0
2015.0,Sul,4.0,0.0,2.0,0.0,0.0,0.0,0.0,0.0,0.0,0.0,0.0
2015.0,Sul,4.0,1.0,1.0,710159.0,166375.0,243066.0,425676.0,7763.0,28378.0,4844.0,432.0
2015.0,Sul,4.0,1.0,2.0,1026.0,316.0,203.0,723.0,9.0,83.0,7.0,1.0
2015.0,Sul,4.0,2.0,1.0,34554.0,3130.0,8470.0,22131.0,1794.0,2098.0,42.0,19.0
2015.0,Sul,4.0,2.0,2.0,365.0,6.0,121.0,223.0,4.0,17.0,0.0,0.0
2015.0,Sul,4.0,3.0,1.0,15954.0,6299.0,5461.0,9650.0,152.0,536.0,148.0,7.0
2015.0,Sul,4.0,3.0,2.0,814.0,0.0,201.0,540.0,20.0,53.0,0.0,0.0
2015.0,Sul,4.0,4.0,1.0,357108.0,109300.0,123947.0,207090.0,6267.0,18350.0,1193.0,261.0
2015.0,Sul,4.0,4.0,2.0,1322.0,221.0,340.0,780.0,62.0,132.0,8.0,0.0
2016.0,Centro-Oeste,1.0,0.0,1.0,25743.0,263.0,12173.0,5363.0,961.0,6858.0,290.0,98.0
2016.0,Centro-Oeste,1.0,0.0,2.0,9583.0,0.0,3819.0,2338.0,344.0,2880.0,166.0,36.0
2016.0,Centro-Oeste,2.0,0.0,1.0,1509654.0,271934.0,692594.0,274273.0,30878.0,498809.0,7987.0,5113.0
2016.0,Centro-Oeste,2.0,0.0,2.0,92784.0,24090.0,45397.0,12411.0,1647.0,22578.0,256.0,10495.0
2016.0,Centro-Oeste,3.0,0.0,1.0,1185551.0,594080.0,333484.0,310437.0,26610.0,505574.0,5040.0,4406.0
2016.0,Centro-Oeste,3.0,0.0,2.0,139786.0,73820.0,47065.0,22694.0,2555.0,41251.0,859.0,25362.0
2016.0,Centro-Oeste,4.0,0.0,1.0,0.0,0.0,0.0,0.0,0.0,0.0,0.0,0.0
2016.0,Centro-Oeste,4.0,0.0,2.0,0.0,0.0,0.0,0.0,0.0,0.0,0.0,0.0
2016.0,Centro-Oeste,4.0,1.0,1.0,535761.0,181219.0,190197.0,211615.0,7618.0,121489.0,4396.0,446.0
2016.0,Centro-Oeste,4.0,1.0,2.0,2134.0,388.0,1069.0,312.0,36.0,688.0,24.0,5.0
2016.0,Centro-Oeste,4.0,2.0,1.0,8649.0,2124.0,3524.0,2337.0,143.0,2573.0,62.0,10.0
2016.0,Centro-Oeste,4.0,2.0,2.0,516.0,0.0,194.0,148.0,15.0,142.0,7.0,10.0
2016.0,Centro-Oeste,4.0,3.0,1.0,9683.0,3369.0,3091.0,4585.0,83.0,1797.0,89.0,38.0
2016.0,Centro-Oeste,4.0,4.0,1.0,121915.0,32078.0,38276.0,43070.0,2972.0,36630.0,814.0,153.0
2016.0,Centro-Oeste,4.0,4.0,2.0,1887.0,415.0,575.0,499.0,29.0,658.0,6.0,120.0
2016.0,Nordeste,1.0,0.0,1.0,100443.0,300.0,45317.0,15654.0,3548.0,35265.0,468.0,191.0
2016.0,Nordeste,1.0,0.0,2.0,14872.0,47.0,7201.0,1786.0,392.0,5415.0,49.0,29.0
2016.0,Nordeste,2.0,0.0,1.0,3222404.0,126420.0,1079850.0,346040.0,174511.0,1602327.0,11688.0,7988.0
2016.0,Nordeste,2.0,0.0,2.0,234200.0,28242.0,76296.0,18335.0,7814.0,94950.0,643.0,36162.0
2016.0,Nordeste,3.0,0.0,1.0,5488148.0,2252359.0,1708472.0,668832.0,187803.0,2891676.0,19474.0,11891.0
2016.0,Nordeste,3.0,0.0,2.0,2768677.0,1286615.0,879293.0,290381.0,91240.0,1484417.0,10368.0,12978.0
2016.0,Nordeste,4.0,0.0,1.0,0.0,0.0,0.0,0.0,0.0,0.0,0.0,0.0
2016.0,Nordeste,4.0,0.0,2.0,0.0,0.0,0.0,0.0,0.0,0.0,0.0,0.0
2016.0,Nordeste,4.0,1.0,1.0,2182433.0,838217.0,882520.0,472951.0,50375.0,764828.0,9501.0,2258.0
2016.0,Nordeste,4.0,1.0,2.0,18265.0,8581.0,6787.0,3652.0,533.0,7137.0,64.0,92.0
2016.0,Nordeste,4.0,2.0,1.0,41854.0,10618.0,15274.0,5308.0,2641.0,18348.0,238.0,45.0
2016.0,Nordeste,4.0,2.0,2.0,13933.0,932.0,5820.0,1221.0,450.0,6377.0,38.0,27.0
2016.0,Nordeste,4.0,3.0,1.0,17303.0,5907.0,7252.0,5121.0,167.0,4713.0,43.0,7.0
2016.0,Nordeste,4.0,3.0,2.0,291.0,162.0,196.0,14.0,6.0,74.0,0.0,1.0
2016.0,Nordeste,4.0,4.0,1.0,211448.0,71870.0,69121.0,44820.0,6794.0,89541.0,950.0,222.0
2016.0,Nordeste,4.0,4.0,2.0,10974.0,2994.0,3435.0,1219.0,325.0,5971.0,18.0,6.0
2016.0,Norte,1.0,0.0,1.0,37071.0,945.0,12731.0,4954.0,1110.0,17165.0,167.0,944.0
2016.0,Norte,1.0,0.0,2.0,3631.0,0.0,1028.0,596.0,191.0,1775.0,28.0,13.0
2016.0,Norte,2.0,0.0,1.0,1609512.0,234396.0,492571.0,160402.0,31624.0,909464.0,4183.0,11268.0
2016.0,Norte,2.0,0.0,2.0,210285.0,45143.0,61806.0,10371.0,3294.0,95048.0,533.0,39233.0
2016.0,Norte,3.0,0.0,1.0,1748907.0,865380.0,581437.0,173574.0,28750.0,950885.0,4531.0,9730.0
2016.0,Norte,3.0,0.0,2.0,951180.0,507049.0,328672.0,48226.0,17730.0,489732.0,2322.0,64498.0
2016.0,Norte,4.0,0.0,1.0,0.0,0.0,0.0,0.0,0.0,0.0,0.0,0.0
2016.0,Norte,4.0,0.0,2.0,0.0,0.0,0.0,0.0,0.0,0.0,0.0,0.0
2016.0,Norte,4.0,1.0,1.0,409991.0,139994.0,143823.0,82627.0,6294.0,174551.0,2014.0,682.0
2016.0,Norte,4.0,1.0,2.0,2424.0,918.0,757.0,422.0,44.0,1191.0,3.0,7.0
2016.0,Norte,4.0,2.0,1.0,1275.0,236.0,646.0,119.0,14.0,491.0,3.0,2.0
2016.0,Norte,4.0,2.0,2.0,2540.0,0.0,1013.0,326.0,76.0,1061.0,7.0,57.0
2016.0,Norte,4.0,3.0,1.0,5768.0,2147.0,1469.0,2428.0,57.0,1779.0,27.0,8.0
2016.0,Norte,4.0,3.0,2.0,38.0,0.0,12.0,1.0,2.0,22.0,1.0,0.0
2016.0,Norte,4.0,4.0,1.0,45724.0,14108.0,11910.0,11127.0,769.0,21597.0,268.0,53.0
2016.0,Norte,4.0,4.0,2.0,1877.0,776.0,521.0,318.0,54.0,951.0,5.0,28.0
2016.0,Sudeste,1.0,0.0,1.0,106339.0,5296.0,37498.0,37600.0,4901.0,25372.0,813.0,155.0
2016.0,Sudeste,1.0,0.0,2.0,25871.0,0.0,5139.0,10200.0,1310.0,8912.0,106.0,204.0
2016.0,Sudeste,2.0,0.0,1.0,6992009.0,1025452.0,1579120.0,2748667.0,335235.0,2297303.0,22050.0,9634.0
2016.0,Sudeste,2.0,0.0,2.0,168396.0,27556.0,39471.0,56474.0,7763.0,59239.0,594.0,4855.0
2016.0,Sudeste,3.0,0.0,1.0,7361807.0,3286403.0,1502819.0,3067918.0,366592.0,2398890.0,18493.0,7095.0
2016.0,Sudeste,3.0,0.0,2.0,479257.0,267197.0,127245.0,162653.0,21193.0,165830.0,1146.0,1190.0
2016.0,Sudeste,4.0,0.0,1.0,0.0,0.0,0.0,0.0,0.0,0.0,0.0,0.0
2016.0,Sudeste,4.0,0.0,2.0,0.0,0.0,0.0,0.0,0.0,0.0,0.0,0.0
2016.0,Sudeste,4.0,1.0,1.0,3240263.0,1015267.0,987142.0,1744993.0,78167.0,405586.0,22176.0,2199.0
2016.0,Sudeste,4.0,1.0,2.0,11297.0,4599.0,4107.0,4885.0,302.0,1955.0,41.0,7.0
2016.0,Sudeste,4.0,2.0,1.0,120997.0,5450.0,33791.0,48090.0,5612.0,33081.0,370.0,53.0
2016.0,Sudeste,4.0,2.0,2.0,2320.0,0.0,672.0,682.0,94.0,852.0,11.0,9.0
2016.0,Sudeste,4.0,3.0,1.0,39587.0,14463.0,8573.0,25277.0,630.0,4924.0,172.0,11.0
2016.0,Sudeste,4.0,4.0,1.0,793370.0,175870.0,314018.0,339857.0,19693.0,115295.0,4029.0,478.0
2016.0,Sudeste,4.0,4.0,2.0,8676.0,2350.0,2094.0,3986.0,338.0,2208.0,43.0,7.0
2016.0,Sul,1.0,0.0,1.0,62638.0,492.0,28129.0,28650.0,1282.0,4281.0,227.0,69.0
2016.0,Sul,1.0,0.0,2.0,6374.0,0.0,2170.0,3599.0,128.0,448.0,6.0,23.0
2016.0,Sul,2.0,0.0,1.0,2414865.0,334676.0,695696.0,1356017.0,56751.0,296927.0,5384.0,4090.0
2016.0,Sul,2.0,0.0,2.0,141522.0,31999.0,30438.0,81546.0,1789.0,14428.0,399.0,12922.0
2016.0,Sul,3.0,0.0,1.0,2469009.0,1186265.0,571925.0,1538932.0,59671.0,288535.0,6774.0,3172.0
2016.0,Sul,3.0,0.0,2.0,253860.0,143472.0,58567.0,167720.0,4615.0,21184.0,648.0,1126.0
2016.0,Sul,4.0,0.0,1.0,0.0,0.0,0.0,0.0,0.0,0.0,0.0,0.0
2016.0,Sul,4.0,0.0,2.0,0.0,0.0,0.0,0.0,0.0,0.0,0.0,0.0
2016.0,Sul,4.0,1.0,1.0,758548.0,186538.0,237642.0,471615.0,9848.0,34244.0,4728.0,471.0
2016.0,Sul,4.0,1.0,2.0,1136.0,273.0,385.0,673.0,9.0,61.0,8.0,0.0
2016.0,Sul,4.0,2.0,1.0,35358.0,2478.0,8059.0,23554.0,1675.0,2014.0,42.0,14.0
2016.0,Sul,4.0,2.0,2.0,521.0,7.0,140.0,355.0,9.0,16.0,1.0,0.0
2016.0,Sul,4.0,3.0,1.0,15642.0,6548.0,4062.0,10444.0,344.0,628.0,160.0,4.0
2016.0,Sul,4.0,3.0,2.0,582.0,0.0,44.0,484.0,18.0,36.0,0.0,0.0
2016.0,Sul,4.0,4.0,1.0,306789.0,91042.0,90453.0,191902.0,5793.0,17442.0,994.0,205.0
2016.0,Sul,4.0,4.0,2.0,1332.0,210.0,406.0,745.0,51.0,119.0,11.0,0.0
2017.0,Centro-Oeste,1.0,0.0,1.0,27567.0,258.0,11719.0,6148.0,1124.0,8213.0,302.0,61.0
2017.0,Centro-Oeste,1.0,0.0,2.0,6841.0,0.0,3042.0,1565.0,159.0,1939.0,94.0,42.0
2017.0,Centro-Oeste,2.0,0.0,1.0,1481684.0,263631.0,674321.0,270259.0,29969.0,495281.0,6641.0,5213.0
2017.0,Centro-Oeste,2.0,0.0,2.0,93171.0,23889.0,46582.0,12015.0,1515.0,22205.0,216.0,10638.0
2017.0,Centro-Oeste,3.0,0.0,1.0,1220402.0,599329.0,356756.0,312361.0,26190.0,515727.0,4746.0,4622.0
2017.0,Centro-Oeste,3.0,0.0,2.0,139438.0,72410.0,48010.0,21748.0,2427.0,40438.0,675.0,26140.0
2017.0,Centro-Oeste,4.0,0.0,1.0,0.0,0.0,0.0,0.0,0.0,0.0,0.0,0.0
2017.0,Centro-Oeste,4.0,0.0,2.0,0.0,0.0,0.0,0.0,0.0,0.0,0.0,0.0
2017.0,Centro-Oeste,4.0,1.0,1.0,525298.0,178230.0,180321.0,210587.0,7318.0,122558.0,4084.0,430.0
2017.0,Centro-Oeste,4.0,1.0,2.0,1922.0,325.0,823.0,290.0,46.0,737.0,21.0,5.0
2017.0,Centro-Oeste,4.0,2.0,1.0,6104.0,1753.0,2879.0,1720.0,94.0,1381.0,27.0,3.0
2017.0,Centro-Oeste,4.0,2.0,2.0,652.0,0.0,283.0,165.0,11.0,183.0,6.0,4.0
2017.0,Centro-Oeste,4.0,3.0,1.0,12777.0,4135.0,3774.0,5855.0,150.0,2839.0,108.0,51.0
2017.0,Centro-Oeste,4.0,4.0,1.0,121936.0,31944.0,38254.0,43738.0,2904.0,36163.0,716.0,161.0
2017.0,Centro-Oeste,4.0,4.0,2.0,2195.0,418.0,643.0,593.0,34.0,786.0,6.0,133.0
2017.0,Nordeste,1.0,0.0,1.0,107985.0,385.0,39837.0,20052.0,4672.0,42596.0,572.0,256.0
2017.0,Nordeste,1.0,0.0,2.0,14774.0,61.0,5634.0,2103.0,609.0,6309.0,74.0,45.0
2017.0,Nordeste,2.0,0.0,1.0,3158128.0,111891.0,1019481.0,344744.0,171811.0,1602680.0,11994.0,7418.0
2017.0,Nordeste,2.0,0.0,2.0,231276.0,25387.0,72079.0,18332.0,8300.0,96536.0,641.0,35388.0
2017.0,Nordeste,3.0,0.0,1.0,5592847.0,2256271.0,1727501.0,677858.0,188279.0,2967286.0,19363.0,12560.0
2017.0,Nordeste,3.0,0.0,2.0,2781010.0,1246201.0,881130.0,283581.0,90434.0,1501539.0,9826.0,14500.0
2017.0,Nordeste,4.0,0.0,1.0,0.0,0.0,0.0,0.0,0.0,0.0,0.0,0.0
2017.0,Nordeste,4.0,0.0,2.0,0.0,0.0,0.0,0.0,0.0,0.0,0.0,0.0
2017.0,Nordeste,4.0,1.0,1.0,2154915.0,834412.0,873301.0,463754.0,49085.0,757749.0,8804.0,2222.0
2017.0,Nordeste,4.0,1.0,2.0,16478.0,8135.0,5609.0,3486.0,500.0,6733.0,63.0,87.0
2017.0,Nordeste,4.0,2.0,1.0,40429.0,10212.0,14165.0,4979.0,2632.0,18443.0,188.0,22.0
2017.0,Nordeste,4.0,2.0,2.0,13605.0,706.0,6117.0,1267.0,468.0,5683.0,43.0,27.0
2017.0,Nordeste,4.0,3.0,1.0,17212.0,5943.0,7036.0,5308.0,165.0,4660.0,35.0,8.0
2017.0,Nordeste,4.0,3.0,2.0,2035.0,688.0,1267.0,297.0,38.0,425.0,5.0,3.0
2017.0,Nordeste,4.0,4.0,1.0,196894.0,68199.0,62320.0,42432.0,6505.0,84636.0,832.0,169.0
2017.0,Nordeste,4.0,4.0,2.0,11039.0,2996.0,3226.0,1234.0,294.0,6247.0,30.0,8.0
2017.0,Norte,1.0,0.0,1.0,38863.0,852.0,12904.0,5368.0,1094.0,18297.0,164.0,1036.0
2017.0,Norte,1.0,0.0,2.0,3573.0,0.0,984.0,556.0,191.0,1803.0,22.0,17.0
2017.0,Norte,2.0,0.0,1.0,1580524.0,222024.0,465833.0,159370.0,31482.0,908891.0,4160.0,10788.0
2017.0,Norte,2.0,0.0,2.0,207125.0,43365.0,58344.0,10430.0,3311.0,93546.0,540.0,40954.0
2017.0,Norte,3.0,0.0,1.0,1767749.0,868364.0,582162.0,174846.0,28749.0,967240.0,4246.0,10506.0
2017.0,Norte,3.0,0.0,2.0,959969.0,500866.0,332216.0,46986.0,17570.0,492141.0,2111.0,68945.0
2017.0,Norte,4.0,0.0,1.0,0.0,0.0,0.0,0.0,0.0,0.0,0.0,0.0
2017.0,Norte,4.0,0.0,2.0,0.0,0.0,0.0,0.0,0.0,0.0,0.0,0.0
2017.0,Norte,4.0,1.0,1.0,397088.0,136453.0,136399.0,83611.0,6019.0,168435.0,1864.0,760.0
2017.0,Norte,4.0,1.0,2.0,2334.0,858.0,761.0,413.0,39.0,1115.0,3.0,3.0
2017.0,Norte,4.0,2.0,1.0,1388.0,263.0,583.0,169.0,46.0,586.0,2.0,2.0
2017.0,Norte,4.0,2.0,2.0,2142.0,0.0,902.0,263.0,68.0,852.0,6.0,51.0
2017.0,Norte,4.0,3.0,1.0,6011.0,2199.0,1661.0,2518.0,57.0,1731.0,33.0,11.0
2017.0,Norte,4.0,3.0,2.0,34.0,0.0,10.0,1.0,2.0,20.0,1.0,0.0
2017.0,Norte,4.0,4.0,1.0,42003.0,13404.0,10537.0,10543.0,694.0,19960.0,222.0,47.0
2017.0,Norte,4.0,4.0,2.0,2098.0,866.0,490.0,384.0,60.0,1120.0,4.0,40.0
2017.0,Sudeste,1.0,0.0,1.0,104564.0,5262.0,32180.0,39319.0,5251.0,26778.0,877.0,159.0
2017.0,Sudeste,1.0,0.0,2.0,26647.0,0.0,4301.0,10918.0,1452.0,9772.0,117.0,87.0
2017.0,Sudeste,2.0,0.0,1.0,6776615.0,1013618.0,1474104.0,2676755.0,328388.0,2268850.0,19527.0,8991.0
2017.0,Sudeste,2.0,0.0,2.0,163839.0,26990.0,36812.0,55195.0,7656.0,58567.0,541.0,5068.0
2017.0,Sudeste,3.0,0.0,1.0,7404667.0,3298946.0,1525712.0,3075853.0,367050.0,2411650.0,17922.0,6480.0
2017.0,Sudeste,3.0,0.0,2.0,468373.0,260033.0,120364.0,161482.0,20558.0,163659.0,1039.0,1271.0
2017.0,Sudeste,4.0,0.0,1.0,0.0,0.0,0.0,0.0,0.0,0.0,0.0,0.0
2017.0,Sudeste,4.0,0.0,2.0,0.0,0.0,0.0,0.0,0.0,0.0,0.0,0.0
2017.0,Sudeste,4.0,1.0,1.0,3228555.0,1021123.0,975894.0,1745350.0,76517.0,407493.0,21187.0,2114.0
2017.0,Sudeste,4.0,1.0,2.0,10826.0,4538.0,4159.0,4642.0,239.0,1752.0,29.0,5.0
2017.0,Sudeste,4.0,2.0,1.0,75328.0,4188.0,18755.0,26952.0,4374.0,24826.0,366.0,55.0
2017.0,Sudeste,4.0,2.0,2.0,3578.0,0.0,876.0,841.0,183.0,1642.0,22.0,14.0
2017.0,Sudeste,4.0,3.0,1.0,75051.0,13863.0,23081.0,39260.0,1617.0,10716.0,356.0,21.0
2017.0,Sudeste,4.0,3.0,2.0,290.0,0.0,94.0,155.0,4.0,37.0,0.0,0.0
2017.0,Sudeste,4.0,4.0,1.0,797625.0,176658.0,324236.0,334143.0,19412.0,115634.0,3758.0,442.0
2017.0,Sudeste,4.0,4.0,2.0,8383.0,2483.0,2086.0,3931.0,306.0,2023.0,29.0,8.0
2017.0,Sul,1.0,0.0,1.0,59657.0,466.0,22306.0,31103.0,1394.0,4568.0,222.0,64.0
2017.0,Sul,1.0,0.0,2.0,6011.0,0.0,1789.0,3693.0,91.0,410.0,9.0,19.0
2017.0,Sul,2.0,0.0,1.0,2390913.0,323626.0,651051.0,1364370.0,60490.0,305928.0,5060.0,4014.0
2017.0,Sul,2.0,0.0,2.0,139539.0,30625.0,27237.0,81803.0,1867.0,14602.0,390.0,13640.0
2017.0,Sul,3.0,0.0,1.0,2517172.0,1183046.0,570459.0,1581156.0,62093.0,293713.0,6739.0,3012.0
2017.0,Sul,3.0,0.0,2.0,250109.0,137458.0,55414.0,167536.0,4497.0,20793.0,651.0,1218.0
2017.0,Sul,4.0,0.0,1.0,0.0,0.0,0.0,0.0,0.0,0.0,0.0,0.0
2017.0,Sul,4.0,0.0,2.0,0.0,0.0,0.0,0.0,0.0,0.0,0.0,0.0
2017.0,Sul,4.0,1.0,1.0,741090.0,183772.0,227866.0,465236.0,9115.0,34439.0,4006.0,428.0
2017.0,Sul,4.0,1.0,2.0,1052.0,296.0,252.0,713.0,11.0,67.0,8.0,1.0
2017.0,Sul,4.0,2.0,1.0,34959.0,2650.0,8526.0,22459.0,1727.0,2192.0,44.0,11.0
2017.0,Sul,4.0,2.0,2.0,666.0,4.0,173.0,446.0,11.0,35.0,1.0,0.0
2017.0,Sul,4.0,3.0,1.0,15973.0,6377.0,3701.0,11117.0,353.0,666.0,133.0,3.0
2017.0,Sul,4.0,3.0,2.0,647.0,0.0,46.0,540.0,19.0,42.0,0.0,0.0
2017.0,Sul,4.0,4.0,1.0,314735.0,94898.0,89098.0,201064.0,5194.0,18110.0,1067.0,202.0
2017.0,Sul,4.0,4.0,2.0,1714.0,297.0,494.0,986.0,63.0,157.0,12.0,2.0
2018.0,Centro-Oeste,1.0,0.0,1.0,27789.0,257.0,11617.0,6688.0,1037.0,8123.0,263.0,61.0
2018.0,Centro-Oeste,1.0,0.0,2.0,8042.0,0.0,3517.0,1869.0,206.0,2316.0,98.0,36.0
2018.0,Centro-Oeste,2.0,0.0,1.0,1500505.0,261465.0,673101.0,275407.0,31025.0,509383.0,5751.0,5838.0
2018.0,Centro-Oeste,2.0,0.0,2.0,94774.0,24003.0,46488.0,12266.0,1614.0,22867.0,194.0,11345.0
2018.0,Centro-Oeste,3.0,0.0,1.0,1235479.0,606715.0,367050.0,311013.0,26094.0,521997.0,4523.0,4802.0
2018.0,Centro-Oeste,3.0,0.0,2.0,135730.0,70443.0,47348.0,20662.0,2217.0,38604.0,833.0,26066.0
2018.0,Centro-Oeste,4.0,0.0,1.0,0.0,0.0,0.0,0.0,0.0,0.0,0.0,0.0
2018.0,Centro-Oeste,4.0,0.0,2.0,0.0,0.0,0.0,0.0,0.0,0.0,0.0,0.0
2018.0,Centro-Oeste,4.0,1.0,1.0,523803.0,179250.0,175412.0,213284.0,7271.0,123480.0,3983.0,373.0
2018.0,Centro-Oeste,4.0,1.0,2.0,2117.0,369.0,794.0,379.0,42.0,888.0,9.0,5.0
2018.0,Centro-Oeste,4.0,2.0,1.0,4245.0,1111.0,1215.0,1652.0,48.0,1320.0,7.0,3.0
2018.0,Centro-Oeste,4.0,2.0,2.0,604.0,0.0,255.0,170.0,4.0,170.0,1.0,4.0
2018.0,Centro-Oeste,4.0,3.0,1.0,11383.0,3709.0,3386.0,5394.0,106.0,2343.0,112.0,42.0
2018.0,Centro-Oeste,4.0,4.0,1.0,124378.0,33100.0,38605.0,44182.0,2999.0,37683.0,735.0,174.0
2018.0,Centro-Oeste,4.0,4.0,2.0,2083.0,414.0,502.0,587.0,40.0,811.0,10.0,133.0
2018.0,Nordeste,1.0,0.0,1.0,115088.0,388.0,38536.0,21254.0,5591.0,48785.0,620.0,302.0
2018.0,Nordeste,1.0,0.0,2.0,17633.0,70.0,6384.0,2803.0,665.0,7662.0,72.0,47.0
2018.0,Nordeste,2.0,0.0,1.0,3084696.0,100016.0,912717.0,355961.0,174013.0,1620820.0,13091.0,8094.0
2018.0,Nordeste,2.0,0.0,2.0,231935.0,23379.0,67137.0,19181.0,9063.0,101274.0,645.0,34635.0
2018.0,Nordeste,3.0,0.0,1.0,5580475.0,2220959.0,1720692.0,669026.0,187146.0,2970994.0,19522.0,13095.0
2018.0,Nordeste,3.0,0.0,2.0,2711659.0,1189049.0,869257.0,272173.0,86932.0,1459304.0,8833.0,15160.0
2018.0,Nordeste,4.0,0.0,1.0,0.0,0.0,0.0,0.0,0.0,0.0,0.0,0.0
2018.0,Nordeste,4.0,0.0,2.0,0.0,0.0,0.0,0.0,0.0,0.0,0.0,0.0
2018.0,Nordeste,4.0,1.0,1.0,2187786.0,852953.0,877263.0,470123.0,50239.0,779161.0,8765.0,2235.0
2018.0,Nordeste,4.0,1.0,2.0,16822.0,8305.0,5670.0,3362.0,489.0,7154.0,60.0,87.0
2018.0,Nordeste,4.0,2.0,1.0,39444.0,9142.0,14572.0,4277.0,2753.0,17652.0,171.0,19.0
2018.0,Nordeste,4.0,2.0,2.0,14075.0,684.0,6563.0,1320.0,473.0,5657.0,44.0,18.0
2018.0,Nordeste,4.0,3.0,1.0,17744.0,6503.0,6772.0,6056.0,168.0,4703.0,36.0,9.0
2018.0,Nordeste,4.0,3.0,2.0,2046.0,665.0,1202.0,290.0,57.0,491.0,5.0,1.0
2018.0,Nordeste,4.0,4.0,1.0,182408.0,62629.0,55691.0,39524.0,6087.0,80266.0,708.0,132.0
2018.0,Nordeste,4.0,4.0,2.0,11631.0,2948.0,3347.0,1398.0,331.0,6465.0,81.0,9.0
2018.0,Norte,1.0,0.0,1.0,44265.0,786.0,14121.0,6343.0,1140.0,21456.0,174.0,1031.0
2018.0,Norte,1.0,0.0,2.0,3751.0,0.0,958.0,614.0,179.0,1955.0,27.0,18.0
2018.0,Norte,2.0,0.0,1.0,1558439.0,210976.0,435858.0,162686.0,31477.0,913346.0,4171.0,10901.0
2018.0,Norte,2.0,0.0,2.0,209812.0,41126.0,56114.0,9961.0,3477.0,96067.0,538.0,43655.0
2018.0,Norte,3.0,0.0,1.0,1765537.0,857046.0,577629.0,176000.0,28422.0,968270.0,4173.0,11043.0
2018.0,Norte,3.0,0.0,2.0,951067.0,489053.0,336863.0,44429.0,17085.0,474468.0,2013.0,76209.0
2018.0,Norte,4.0,0.0,1.0,0.0,0.0,0.0,0.0,0.0,0.0,0.0,0.0
2018.0,Norte,4.0,0.0,2.0,0.0,0.0,0.0,0.0,0.0,0.0,0.0,0.0
2018.0,Norte,4.0,1.0,1.0,386953.0,133494.0,131251.0,81033.0,6063.0,166026.0,1746.0,834.0
2018.0,Norte,4.0,1.0,2.0,1823.0,820.0,724.0,327.0,30.0,737.0,2.0,3.0
2018.0,Norte,4.0,2.0,1.0,4233.0,278.0,1780.0,1299.0,40.0,1102.0,4.0,8.0
2018.0,Norte,4.0,2.0,2.0,2604.0,483.0,909.0,313.0,85.0,1243.0,7.0,47.0
2018.0,Norte,4.0,3.0,1.0,7245.0,2630.0,2028.0,2913.0,74.0,2173.0,44.0,13.0
2018.0,Norte,4.0,3.0,2.0,16.0,0.0,4.0,1.0,1.0,10.0,0.0,0.0
2018.0,Norte,4.0,4.0,1.0,53579.0,18500.0,13303.0,13070.0,900.0,25999.0,229.0,78.0
2018.0,Norte,4.0,4.0,2.0,3166.0,1157.0,589.0,694.0,90.0,1730.0,12.0,51.0
2018.0,Sudeste,1.0,0.0,1.0,106536.0,5289.0,29640.0,43128.0,5234.0,27140.0,1136.0,258.0
2018.0,Sudeste,1.0,0.0,2.0,19763.0,0.0,3008.0,8079.0,980.0,7589.0,77.0,30.0
2018.0,Sudeste,2.0,0.0,1.0,6622676.0,1007908.0,1435668.0,2605108.0,323305.0,2232354.0,17977.0,8264.0
2018.0,Sudeste,2.0,0.0,2.0,159872.0,25206.0,36646.0,53543.0,7197.0,56683.0,477.0,5326.0
2018.0,Sudeste,3.0,0.0,1.0,7458143.0,3286269.0,1569362.0,3070059.0,367300.0,2427291.0,17834.0,6297.0
2018.0,Sudeste,3.0,0.0,2.0,453185.0,247474.0,117276.0,155968.0,19394.0,158288.0,1012.0,1247.0
2018.0,Sudeste,4.0,0.0,1.0,0.0,0.0,0.0,0.0,0.0,0.0,0.0,0.0
2018.0,Sudeste,4.0,0.0,2.0,0.0,0.0,0.0,0.0,0.0,0.0,0.0,0.0
2018.0,Sudeste,4.0,1.0,1.0,3268227.0,1043572.0,985778.0,1762588.0,74505.0,422454.0,21033.0,1869.0
2018.0,Sudeste,4.0,1.0,2.0,11316.0,4687.0,4340.0,4802.0,283.0,1854.0,32.0,5.0
2018.0,Sudeste,4.0,2.0,1.0,118838.0,5519.0,35355.0,44650.0,5636.0,32635.0,474.0,88.0
2018.0,Sudeste,4.0,2.0,2.0,4588.0,0.0,998.0,1336.0,206.0,2004.0,22.0,22.0
2018.0,Sudeste,4.0,3.0,1.0,39689.0,14537.0,8582.0,25617.0,656.0,4559.0,257.0,18.0
2018.0,Sudeste,4.0,3.0,2.0,241.0,82.0,49.0,106.0,14.0,72.0,0.0,0.0
2018.0,Sudeste,4.0,4.0,1.0,800893.0,170048.0,332398.0,325632.0,19802.0,118943.0,3676.0,442.0
2018.0,Sudeste,4.0,4.0,2.0,10973.0,3839.0,3399.0,5067.0,319.0,2138.0,41.0,9.0
2018.0,Sul,1.0,0.0,1.0,62259.0,461.0,21617.0,33710.0,1575.0,5058.0,220.0,79.0
2018.0,Sul,1.0,0.0,2.0,5952.0,0.0,1706.0,3732.0,79.0,411.0,12.0,12.0
2018.0,Sul,2.0,0.0,1.0,2349720.0,308571.0,554612.0,1402792.0,65513.0,318184.0,4682.0,3937.0
2018.0,Sul,2.0,0.0,2.0,133987.0,28235.0,24021.0,79453.0,1987.0,14224.0,308.0,13994.0
2018.0,Sul,3.0,0.0,1.0,2564067.0,1183290.0,575283.0,1611298.0,64716.0,302906.0,6716.0,3148.0
2018.0,Sul,3.0,0.0,2.0,247782.0,133748.0,54442.0,166189.0,4468.0,20761.0,589.0,1333.0
2018.0,Sul,4.0,0.0,1.0,0.0,0.0,0.0,0.0,0.0,0.0,0.0,0.0
2018.0,Sul,4.0,0.0,2.0,0.0,0.0,0.0,0.0,0.0,0.0,0.0,0.0
2018.0,Sul,4.0,1.0,1.0,767491.0,188080.0,232128.0,483945.0,9833.0,37294.0,3798.0,493.0
2018.0,Sul,4.0,1.0,2.0,1280.0,362.0,258.0,922.0,16.0,74.0,10.0,0.0
2018.0,Sul,4.0,2.0,1.0,41189.0,3124.0,11669.0,24923.0,1890.0,2641.0,52.0,14.0
2018.0,Sul,4.0,2.0,2.0,719.0,4.0,152.0,509.0,16.0,41.0,1.0,0.0
2018.0,Sul,4.0,3.0,1.0,15993.0,6233.0,3539.0,11386.0,164.0,782.0,116.0,6.0
2018.0,Sul,4.0,3.0,2.0,697.0,0.0,63.0,587.0,12.0,35.0,0.0,0.0
2018.0,Sul,4.0,4.0,1.0,311084.0,94683.0,94463.0,194163.0,5213.0,15986.0,1071.0,188.0
2018.0,Sul,4.0,4.0,2.0,1843.0,324.0,606.0,1040.0,35.0,148.0,11.0,3.0
2019.0,Centro-Oeste,1.0,0.0,1.0,28744.0,262.0,11637.0,7441.0,1026.0,8361.0,218.0,61.0
2019.0,Centro-Oeste,1.0,0.0,2.0,7857.0,0.0,3058.0,1923.0,216.0,2543.0,77.0,40.0
2019.0,Centro-Oeste,2.0,0.0,1.0,1464077.0,246498.0,693026.0,258806.0,29037.0,473023.0,4615.0,5570.0
2019.0,Centro-Oeste,2.0,0.0,2.0,95547.0,24274.0,46934.0,12008.0,1535.0,22463.0,209.0,12398.0
2019.0,Centro-Oeste,3.0,0.0,1.0,1260934.0,619568.0,387996.0,309584.0,26099.0,528152.0,4197.0,4906.0
2019.0,Centro-Oeste,3.0,0.0,2.0,132417.0,68258.0,46415.0,19674.0,2090.0,37644.0,581.0,26013.0
2019.0,Centro-Oeste,4.0,0.0,1.0,0.0,0.0,0.0,0.0,0.0,0.0,0.0,0.0
2019.0,Centro-Oeste,4.0,0.0,2.0,0.0,0.0,0.0,0.0,0.0,0.0,0.0,0.0
2019.0,Centro-Oeste,4.0,1.0,1.0,533192.0,180685.0,179753.0,217099.0,7178.0,124814.0,3912.0,436.0
2019.0,Centro-Oeste,4.0,1.0,2.0,1838.0,348.0,654.0,306.0,36.0,832.0,6.0,4.0
2019.0,Centro-Oeste,4.0,2.0,1.0,3142.0,839.0,861.0,1178.0,50.0,1044.0,8.0,1.0
2019.0,Centro-Oeste,4.0,2.0,2.0,397.0,0.0,251.0,55.0,3.0,86.0,2.0,0.0
2019.0,Centro-Oeste,4.0,3.0,1.0,11650.0,3736.0,3885.0,4962.0,113.0,2554.0,94.0,42.0
2019.0,Centro-Oeste,4.0,4.0,1.0,124489.0,32447.0,35880.0,45989.0,3005.0,38714.0,714.0,187.0
2019.0,Centro-Oeste,4.0,4.0,2.0,2379.0,437.0,696.0,691.0,47.0,810.0,9.0,126.0
2019.0,Nordeste,1.0,0.0,1.0,113064.0,403.0,34701.0,21423.0,5572.0,50473.0,597.0,298.0
2019.0,Nordeste,1.0,0.0,2.0,17561.0,77.0,5707.0,2554.0,745.0,8445.0,58.0,52.0
2019.0,Nordeste,2.0,0.0,1.0,2884167.0,92094.0,811533.0,343743.0,158210.0,1552025.0,10999.0,7657.0
2019.0,Nordeste,2.0,0.0,2.0,229217.0,22458.0,60497.0,19416.0,9479.0,103243.0,666.0,35916.0
2019.0,Nordeste,3.0,0.0,1.0,5589650.0,2186017.0,1740444.0,655894.0,185614.0,2974488.0,19784.0,13426.0
2019.0,Nordeste,3.0,0.0,2.0,2629883.0,1129241.0,862311.0,255878.0,82558.0,1405031.0,8058.0,16047.0
2019.0,Nordeste,4.0,0.0,1.0,0.0,0.0,0.0,0.0,0.0,0.0,0.0,0.0
2019.0,Nordeste,4.0,0.0,2.0,0.0,0.0,0.0,0.0,0.0,0.0,0.0,0.0
2019.0,Nordeste,4.0,1.0,1.0,2207255.0,855451.0,892873.0,467441.0,51292.0,785099.0,8462.0,2088.0
2019.0,Nordeste,4.0,1.0,2.0,17202.0,8625.0,5723.0,3469.0,537.0,7333.0,61.0,79.0
2019.0,Nordeste,4.0,2.0,1.0,43802.0,9524.0,16264.0,4594.0,3316.0,19451.0,137.0,40.0
2019.0,Nordeste,4.0,2.0,2.0,14804.0,725.0,6662.0,1378.0,494.0,6183.0,45.0,42.0
2019.0,Nordeste,4.0,3.0,1.0,16547.0,5987.0,5976.0,5288.0,183.0,5059.0,34.0,7.0
2019.0,Nordeste,4.0,3.0,2.0,2046.0,677.0,1211.0,286.0,62.0,482.0,4.0,1.0
2019.0,Nordeste,4.0,4.0,1.0,191436.0,66151.0,61218.0,41599.0,6136.0,81702.0,657.0,124.0
2019.0,Nordeste,4.0,4.0,2.0,11842.0,3188.0,3505.0,1252.0,290.0,6717.0,71.0,7.0
2019.0,Norte,1.0,0.0,1.0,44246.0,829.0,12635.0,6505.0,1183.0,22692.0,163.0,1068.0
2019.0,Norte,1.0,0.0,2.0,3545.0,0.0,691.0,623.0,184.0,1994.0,27.0,26.0
2019.0,Norte,2.0,0.0,1.0,1512093.0,198353.0,397103.0,160113.0,31785.0,907829.0,4097.0,11166.0
2019.0,Norte,2.0,0.0,2.0,208328.0,38325.0,54135.0,9332.0,3371.0,96243.0,477.0,44770.0
2019.0,Norte,3.0,0.0,1.0,1765682.0,853726.0,561374.0,176934.0,29307.0,981949.0,3863.0,12255.0
2019.0,Norte,3.0,0.0,2.0,930446.0,471587.0,328291.0,41155.0,17211.0,462396.0,1830.0,79563.0
2019.0,Norte,4.0,0.0,1.0,0.0,0.0,0.0,0.0,0.0,0.0,0.0,0.0
2019.0,Norte,4.0,0.0,2.0,0.0,0.0,0.0,0.0,0.0,0.0,0.0,0.0
2019.0,Norte,4.0,1.0,1.0,384941.0,133379.0,127842.0,81658.0,5887.0,167045.0,1671.0,838.0
2019.0,Norte,4.0,1.0,2.0,1456.0,527.0,671.0,225.0,15.0,540.0,3.0,2.0
2019.0,Norte,4.0,2.0,1.0,4246.0,377.0,1761.0,1044.0,61.0,1367.0,6.0,7.0
2019.0,Norte,4.0,2.0,2.0,2722.0,471.0,704.0,404.0,102.0,1464.0,6.0,42.0
2019.0,Norte,4.0,3.0,1.0,7202.0,2805.0,1923.0,2844.0,75.0,2310.0,39.0,11.0
2019.0,Norte,4.0,3.0,2.0,72.0,7.0,31.0,10.0,2.0,28.0,1.0,0.0
2019.0,Norte,4.0,4.0,1.0,56568.0,20071.0,14499.0,13680.0,847.0,27232.0,214.0,96.0
2019.0,Norte,4.0,4.0,2.0,3116.0,1126.0,604.0,650.0,76.0,1725.0,12.0,49.0
2019.0,Sudeste,1.0,0.0,1.0,102331.0,5232.0,24842.0,42982.0,5850.0,27888.0,629.0,140.0
2019.0,Sudeste,1.0,0.0,2.0,15002.0,0.0,1995.0,6002.0,736.0,6163.0,59.0,47.0
2019.0,Sudeste,2.0,0.0,1.0,6358254.0,987762.0,1337501.0,2521332.0,316470.0,2158978.0,16260.0,7713.0
2019.0,Sudeste,2.0,0.0,2.0,156176.0,24390.0,33322.0,54023.0,7370.0,55831.0,419.0,5211.0
2019.0,Sudeste,3.0,0.0,1.0,7446611.0,3277092.0,1519618.0,3069761.0,372178.0,2460858.0,17921.0,6275.0
2019.0,Sudeste,3.0,0.0,2.0,435869.0,234540.0,112807.0,148534.0,18650.0,153743.0,921.0,1214.0
2019.0,Sudeste,4.0,0.0,1.0,0.0,0.0,0.0,0.0,0.0,0.0,0.0,0.0
2019.0,Sudeste,4.0,0.0,2.0,0.0,0.0,0.0,0.0,0.0,0.0,0.0,0.0
2019.0,Sudeste,4.0,1.0,1.0,3268710.0,1045316.0,999407.0,1739100.0,73145.0,434996.0,20231.0,1831.0
2019.0,Sudeste,4.0,1.0,2.0,11381.0,4824.0,4088.0,5204.0,279.0,1770.0,35.0,5.0
2019.0,Sudeste,4.0,2.0,1.0,126372.0,6260.0,37629.0,48633.0,5703.0,33869.0,451.0,87.0
2019.0,Sudeste,4.0,2.0,2.0,5457.0,0.0,962.0,1743.0,266.0,2447.0,22.0,17.0
2019.0,Sudeste,4.0,3.0,1.0,48403.0,17971.0,9756.0,31869.0,881.0,5599.0,278.0,20.0
2019.0,Sudeste,4.0,3.0,2.0,513.0,235.0,180.0,202.0,19.0,111.0,1.0,0.0
2019.0,Sudeste,4.0,4.0,1.0,853270.0,178001.0,274629.0,386926.0,24879.0,161504.0,4619.0,713.0
2019.0,Sudeste,4.0,4.0,2.0,9677.0,3676.0,3187.0,4511.0,246.0,1699.0,28.0,6.0
2019.0,Sul,1.0,0.0,1.0,66446.0,462.0,18047.0,39054.0,2108.0,6890.0,255.0,92.0
2019.0,Sul,1.0,0.0,2.0,6011.0,0.0,1524.0,3901.0,88.0,470.0,14.0,14.0
2019.0,Sul,2.0,0.0,1.0,2271036.0,310448.0,502737.0,1378508.0,65827.0,315753.0,4481.0,3730.0
2019.0,Sul,2.0,0.0,2.0,128138.0,27818.0,21625.0,77376.0,1899.0,13557.0,299.0,13382.0
2019.0,Sul,3.0,0.0,1.0,2592216.0,1189674.0,588508.0,1618046.0,66236.0,310281.0,6067.0,3078.0
2019.0,Sul,3.0,0.0,2.0,243913.0,129950.0,52441.0,164362.0,4333.0,20831.0,512.0,1434.0
2019.0,Sul,4.0,0.0,1.0,0.0,0.0,0.0,0.0,0.0,0.0,0.0,0.0
2019.0,Sul,4.0,0.0,2.0,0.0,0.0,0.0,0.0,0.0,0.0,0.0,0.0
2019.0,Sul,4.0,1.0,1.0,786382.0,189510.0,221886.0,509005.0,10737.0,40592.0,3671.0,491.0
2019.0,Sul,4.0,1.0,2.0,1313.0,391.0,302.0,914.0,14.0,73.0,10.0,0.0
2019.0,Sul,4.0,2.0,1.0,45152.0,3138.0,12883.0,26527.0,2398.0,3264.0,57.0,23.0
2019.0,Sul,4.0,2.0,2.0,804.0,2.0,148.0,587.0,17.0,51.0,0.0,1.0
2019.0,Sul,4.0,3.0,1.0,21168.0,7289.0,4158.0,15441.0,411.0,1011.0,137.0,10.0
2019.0,Sul,4.0,4.0,1.0,311950.0,94603.0,91557.0,197605.0,5103.0,16500.0,1006.0,179.0
2019.0,Sul,4.0,4.0,2.0,1889.0,361.0,756.0,951.0,34.0,130.0,17.0,1.0
2020.0,Centro-Oeste,1.0,0.0,1.0,28605.0,259.0,10276.0,7899.0,1135.0,9019.0,209.0,67.0
2020.0,Centro-Oeste,1.0,0.0,2.0,7812.0,0.0,2846.0,1991.0,222.0,2650.0,71.0,32.0
2020.0,Centro-Oeste,2.0,0.0,1.0,1438222.0,227305.0,705843.0,244119.0,27920.0,451349.0,3731.0,5260.0
2020.0,Centro-Oeste,2.0,0.0,2.0,90538.0,22693.0,44229.0,11177.0,1398.0,20965.0,189.0,12580.0
2020.0,Centro-Oeste,3.0,0.0,1.0,1283639.0,638080.0,404866.0,307912.0,26323.0,535620.0,4076.0,4842.0
2020.0,Centro-Oeste,3.0,0.0,2.0,128975.0,66585.0,45856.0,18714.0,1906.0,36339.0,486.0,25674.0
2020.0,Centro-Oeste,4.0,0.0,1.0,0.0,0.0,0.0,0.0,0.0,0.0,0.0,0.0
2020.0,Centro-Oeste,4.0,0.0,2.0,0.0,0.0,0.0,0.0,0.0,0.0,0.0,0.0
2020.0,Centro-Oeste,4.0,1.0,1.0,503542.0,172759.0,168136.0,207737.0,6617.0,117053.0,3601.0,398.0
2020.0,Centro-Oeste,4.0,1.0,2.0,1971.0,327.0,597.0,329.0,48.0,988.0,6.0,3.0
2020.0,Centro-Oeste,4.0,2.0,1.0,2488.0,785.0,785.0,895.0,32.0,768.0,6.0,2.0
2020.0,Centro-Oeste,4.0,2.0,2.0,439.0,0.0,312.0,62.0,4.0,57.0,0.0,4.0
2020.0,Centro-Oeste,4.0,3.0,1.0,13571.0,5022.0,5012.0,5584.0,139.0,2660.0,140.0,36.0
2020.0,Centro-Oeste,4.0,4.0,1.0,127705.0,32671.0,37710.0,46531.0,3090.0,39514.0,680.0,180.0
2020.0,Centro-Oeste,4.0,4.0,2.0,2349.0,392.0,713.0,689.0,49.0,761.0,5.0,132.0
2020.0,Nordeste,1.0,0.0,1.0,117991.0,434.0,33104.0,22486.0,6046.0,55412.0,652.0,291.0
2020.0,Nordeste,1.0,0.0,2.0,18612.0,61.0,5612.0,2824.0,841.0,9205.0,76.0,54.0
2020.0,Nordeste,2.0,0.0,1.0,2866058.0,86329.0,754148.0,342196.0,165394.0,1584933.0,11474.0,7913.0
2020.0,Nordeste,2.0,0.0,2.0,230792.0,20414.0,55621.0,19396.0,10486.0,109834.0,636.0,34819.0
2020.0,Nordeste,3.0,0.0,1.0,5553117.0,2148149.0,1777365.0,638405.0,183663.0,2919577.0,20317.0,13790.0
2020.0,Nordeste,3.0,0.0,2.0,2524482.0,1075579.0,852414.0,242381.0,77807.0,1326377.0,8636.0,16867.0
2020.0,Nordeste,4.0,0.0,1.0,0.0,0.0,0.0,0.0,0.0,0.0,0.0,0.0
2020.0,Nordeste,4.0,0.0,2.0,0.0,0.0,0.0,0.0,0.0,0.0,0.0,0.0
2020.0,Nordeste,4.0,1.0,1.0,2065503.0,816547.0,827430.0,447287.0,47527.0,733512.0,7841.0,1906.0
2020.0,Nordeste,4.0,1.0,2.0,16267.0,8054.0,5602.0,3266.0,544.0,6782.0,55.0,18.0
2020.0,Nordeste,4.0,2.0,1.0,44076.0,8747.0,15213.0,4703.0,3561.0,20379.0,186.0,34.0
2020.0,Nordeste,4.0,2.0,2.0,14701.0,635.0,6202.0,1378.0,506.0,6498.0,70.0,47.0
2020.0,Nordeste,4.0,3.0,1.0,15906.0,5741.0,5766.0,5027.0,186.0,4884.0,37.0,6.0
2020.0,Nordeste,4.0,3.0,2.0,1996.0,683.0,1185.0,276.0,61.0,471.0,3.0,0.0
2020.0,Nordeste,4.0,4.0,1.0,188609.0,65523.0,62404.0,40072.0,5721.0,79694.0,592.0,126.0
2020.0,Nordeste,4.0,4.0,2.0,11972.0,2972.0,3411.0,1404.0,315.0,6749.0,84.0,9.0
2020.0,Norte,1.0,0.0,1.0,37750.0,788.0,8827.0,5837.0,1042.0,20970.0,160.0,914.0
2020.0,Norte,1.0,0.0,2.0,4248.0,0.0,532.0,700.0,208.0,2740.0,35.0,33.0
2020.0,Norte,2.0,0.0,1.0,1483926.0,188138.0,374697.0,158547.0,31933.0,903886.0,4037.0,10826.0
2020.0,Norte,2.0,0.0,2.0,212155.0,36310.0,55375.0,9081.0,3388.0,98692.0,445.0,45174.0
2020.0,Norte,3.0,0.0,1.0,1776138.0,848174.0,567715.0,177440.0,29503.0,984451.0,3774.0,13255.0
2020.0,Norte,3.0,0.0,2.0,902673.0,451183.0,328046.0,38213.0,16216.0,439270.0,1712.0,79216.0
2020.0,Norte,4.0,0.0,1.0,0.0,0.0,0.0,0.0,0.0,0.0,0.0,0.0
2020.0,Norte,4.0,0.0,2.0,0.0,0.0,0.0,0.0,0.0,0.0,0.0,0.0
2020.0,Norte,4.0,1.0,1.0,359708.0,128861.0,120712.0,75934.0,5075.0,155784.0,1426.0,777.0
2020.0,Norte,4.0,1.0,2.0,1356.0,513.0,644.0,192.0,11.0,504.0,2.0,3.0
2020.0,Norte,4.0,2.0,1.0,4887.0,405.0,2318.0,942.0,63.0,1557.0,1.0,6.0
2020.0,Norte,4.0,2.0,2.0,2501.0,452.0,596.0,354.0,67.0,1443.0,6.0,35.0
2020.0,Norte,4.0,3.0,1.0,6818.0,2643.0,1708.0,2743.0,70.0,2253.0,39.0,5.0
2020.0,Norte,4.0,3.0,2.0,37.0,0.0,12.0,2.0,3.0,19.0,1.0,0.0
2020.0,Norte,4.0,4.0,1.0,56900.0,19741.0,13932.0,13588.0,810.0,28264.0,238.0,68.0
2020.0,Norte,4.0,4.0,2.0,2978.0,1096.0,448.0,637.0,61.0,1769.0,10.0,53.0
2020.0,Sudeste,1.0,0.0,1.0,106091.0,4905.0,23046.0,45827.0,6371.0,30140.0,566.0,141.0
2020.0,Sudeste,1.0,0.0,2.0,14636.0,0.0,1413.0,6425.0,775.0,5909.0,68.0,46.0
2020.0,Sudeste,2.0,0.0,1.0,6359198.0,961407.0,1403683.0,2507335.0,284689.0,2140452.0,15688.0,7351.0
2020.0,Sudeste,2.0,0.0,2.0,152665.0,21783.0,33515.0,53044.0,6566.0,54356.0,352.0,4832.0
2020.0,Sudeste,3.0,0.0,1.0,7449806.0,3284138.0,1479058.0,3081033.0,367422.0,2497914.0,17964.0,6415.0
2020.0,Sudeste,3.0,0.0,2.0,428185.0,229805.0,111322.0,145770.0,18079.0,150829.0,878.0,1307.0
2020.0,Sudeste,4.0,0.0,1.0,0.0,0.0,0.0,0.0,0.0,0.0,0.0,0.0
2020.0,Sudeste,4.0,0.0,2.0,0.0,0.0,0.0,0.0,0.0,0.0,0.0,0.0
2020.0,Sudeste,4.0,1.0,1.0,3155629.0,1034627.0,952342.0,1693128.0,67524.0,421941.0,18911.0,1783.0
2020.0,Sudeste,4.0,1.0,2.0,11661.0,4950.0,4091.0,5462.0,290.0,1780.0,34.0,4.0
2020.0,Sudeste,4.0,2.0,1.0,123628.0,5729.0,37712.0,46080.0,5609.0,33633.0,488.0,106.0
2020.0,Sudeste,4.0,2.0,2.0,5641.0,13.0,858.0,1899.0,273.0,2575.0,20.0,16.0
2020.0,Sudeste,4.0,3.0,1.0,57154.0,21851.0,11149.0,38733.0,1001.0,5961.0,281.0,29.0
2020.0,Sudeste,4.0,3.0,2.0,478.0,234.0,173.0,197.0,15.0,91.0,2.0,0.0
2020.0,Sudeste,4.0,4.0,1.0,852984.0,172672.0,204031.0,417582.0,28073.0,197595.0,4873.0,830.0
2020.0,Sudeste,4.0,4.0,2.0,9106.0,3392.0,2963.0,4271.0,232.0,1615.0,19.0,6.0
2020.0,Sul,1.0,0.0,1.0,64439.0,460.0,13944.0,40957.0,2520.0,6673.0,226.0,119.0
2020.0,Sul,1.0,0.0,2.0,5813.0,0.0,1293.0,3953.0,84.0,444.0,19.0,20.0
2020.0,Sul,2.0,0.0,1.0,2240970.0,301742.0,378413.0,1428433.0,71446.0,353713.0,4835.0,4130.0
2020.0,Sul,2.0,0.0,2.0,124976.0,26253.0,19611.0,76332.0,1803.0,13545.0,313.0,13372.0
2020.0,Sul,3.0,0.0,1.0,2608654.0,1206922.0,601737.0,1613899.0,67113.0,316894.0,6023.0,2988.0
2020.0,Sul,3.0,0.0,2.0,242942.0,129920.0,53467.0,162297.0,4183.0,20949.0,540.0,1506.0
2020.0,Sul,4.0,0.0,1.0,0.0,0.0,0.0,0.0,0.0,0.0,0.0,0.0
2020.0,Sul,4.0,0.0,2.0,0.0,0.0,0.0,0.0,0.0,0.0,0.0,0.0
2020.0,Sul,4.0,1.0,1.0,736802.0,183889.0,201970.0,481772.0,10174.0,38844.0,3539.0,503.0
2020.0,Sul,4.0,1.0,2.0,1486.0,326.0,305.0,1051.0,22.0,96.0,12.0,0.0
2020.0,Sul,4.0,2.0,1.0,44091.0,3313.0,12440.0,25475.0,2572.0,3534.0,46.0,24.0
2020.0,Sul,4.0,2.0,2.0,921.0,1.0,176.0,674.0,22.0,47.0,0.0,2.0
2020.0,Sul,4.0,3.0,1.0,20607.0,6932.0,4157.0,14930.0,439.0,941.0,133.0,7.0
2020.0,Sul,4.0,3.0,2.0,103.0,86.0,17.0,72.0,3.0,11.0,0.0,0.0
2020.0,Sul,4.0,4.0,1.0,322110.0,99577.0,97808.0,200913.0,5095.0,17149.0,939.0,206.0
2020.0,Sul,4.0,4.0,2.0,2505.0,438.0,1035.0,1280.0,25.0,150.0,14.0,1.0
2021.0,Centro-Oeste,1.0,0.0,1.0,28242.0,205.0,10296.0,7866.0,1049.0,8772.0,192.0,67.0
2021.0,Centro-Oeste,1.0,0.0,2.0,6832.0,0.0,2758.0,1758.0,135.0,2106.0,48.0,27.0
2021.0,Centro-Oeste,2.0,0.0,1.0,1435978.0,213696.0,750439.0,231626.0,26319.0,419281.0,3235.0,5078.0
2021.0,Centro-Oeste,2.0,0.0,2.0,99451.0,22814.0,52137.0,10963.0,1275.0,19809.0,144.0,15123.0
2021.0,Centro-Oeste,3.0,0.0,1.0,1281679.0,660775.0,411060.0,304864.0,26188.0,531076.0,3925.0,4566.0
2021.0,Centro-Oeste,3.0,0.0,2.0,128008.0,66104.0,44731.0,18410.0,1903.0,36129.0,438.0,26397.0
2021.0,Centro-Oeste,4.0,0.0,1.0,0.0,0.0,0.0,0.0,0.0,0.0,0.0,0.0
2021.0,Centro-Oeste,4.0,0.0,2.0,0.0,0.0,0.0,0.0,0.0,0.0,0.0,0.0
2021.0,Centro-Oeste,4.0,1.0,1.0,471925.0,165177.0,159716.0,192670.0,6044.0,110118.0,3034.0,343.0
2021.0,Centro-Oeste,4.0,1.0,2.0,1662.0,245.0,460.0,266.0,29.0,898.0,5.0,4.0
2021.0,Centro-Oeste,4.0,2.0,1.0,2580.0,553.0,862.0,865.0,45.0,798.0,8.0,2.0
2021.0,Centro-Oeste,4.0,2.0,2.0,439.0,0.0,314.0,47.0,0.0,66.0,0.0,12.0
2021.0,Centro-Oeste,4.0,3.0,1.0,14772.0,5732.0,5665.0,5691.0,140.0,3118.0,117.0,41.0
2021.0,Centro-Oeste,4.0,4.0,1.0,125649.0,31725.0,39616.0,45169.0,2688.0,37374.0,626.0,176.0
2021.0,Centro-Oeste,4.0,4.0,2.0,2176.0,363.0,584.0,697.0,41.0,735.0,1.0,118.0
2021.0,Nordeste,1.0,0.0,1.0,108656.0,424.0,25586.0,21527.0,6078.0,54474.0,636.0,355.0
2021.0,Nordeste,1.0,0.0,2.0,14632.0,61.0,3493.0,2367.0,695.0,7924.0,99.0,54.0
2021.0,Nordeste,2.0,0.0,1.0,2903132.0,77581.0,752232.0,344560.0,175840.0,1610113.0,12218.0,8169.0
2021.0,Nordeste,2.0,0.0,2.0,240387.0,20495.0,57343.0,19856.0,11037.0,113793.0,690.0,37668.0
2021.0,Nordeste,3.0,0.0,1.0,5703120.0,2163173.0,1885770.0,646145.0,185307.0,2952458.0,18703.0,14737.0
2021.0,Nordeste,3.0,0.0,2.0,2659292.0,1054597.0,927754.0,244664.0,84422.0,1375253.0,8047.0,19152.0
2021.0,Nordeste,4.0,0.0,1.0,0.0,0.0,0.0,0.0,0.0,0.0,0.0,0.0
2021.0,Nordeste,4.0,0.0,2.0,0.0,0.0,0.0,0.0,0.0,0.0,0.0,0.0
2021.0,Nordeste,4.0,1.0,1.0,1844573.0,731812.0,753491.0,400037.0,41204.0,641187.0,6826.0,1828.0
2021.0,Nordeste,4.0,1.0,2.0,14823.0,7711.0,5250.0,2908.0,514.0,6098.0,37.0,16.0
2021.0,Nordeste,4.0,2.0,1.0,44784.0,8305.0,15216.0,4409.0,3853.0,21107.0,173.0,26.0
2021.0,Nordeste,4.0,2.0,2.0,14865.0,797.0,5819.0,1463.0,519.0,6924.0,79.0,61.0
2021.0,Nordeste,4.0,3.0,1.0,13999.0,5290.0,5040.0,4471.0,183.0,4277.0,22.0,6.0
2021.0,Nordeste,4.0,3.0,2.0,2071.0,696.0,1223.0,275.0,57.0,513.0,2.0,1.0
2021.0,Nordeste,4.0,4.0,1.0,170154.0,59389.0,58574.0,35165.0,5067.0,70726.0,508.0,114.0
2021.0,Nordeste,4.0,4.0,2.0,10871.0,2591.0,3338.0,1144.0,308.0,6016.0,58.0,7.0
2021.0,Norte,1.0,0.0,1.0,35696.0,707.0,8482.0,5609.0,972.0,19634.0,145.0,854.0
2021.0,Norte,1.0,0.0,2.0,4327.0,0.0,545.0,736.0,207.0,2775.0,30.0,34.0
2021.0,Norte,2.0,0.0,1.0,1506375.0,174413.0,385643.0,159696.0,32389.0,913493.0,3901.0,11253.0
2021.0,Norte,2.0,0.0,2.0,224194.0,34162.0,61823.0,9564.0,3607.0,102855.0,463.0,45882.0
2021.0,Norte,3.0,0.0,1.0,1758415.0,832826.0,569345.0,173508.0,28922.0,969953.0,3466.0,13221.0
2021.0,Norte,3.0,0.0,2.0,936063.0,433132.0,354297.0,36895.0,16498.0,441057.0,1673.0,85643.0
2021.0,Norte,4.0,0.0,1.0,0.0,0.0,0.0,0.0,0.0,0.0,0.0,0.0
2021.0,Norte,4.0,0.0,2.0,0.0,0.0,0.0,0.0,0.0,0.0,0.0,0.0
2021.0,Norte,4.0,1.0,1.0,331152.0,117894.0,115674.0,68884.0,4536.0,140176.0,1255.0,627.0
2021.0,Norte,4.0,1.0,2.0,1267.0,540.0,647.0,205.0,9.0,403.0,2.0,1.0
2021.0,Norte,4.0,2.0,1.0,5306.0,371.0,2471.0,1015.0,57.0,1758.0,1.0,4.0
2021.0,Norte,4.0,2.0,2.0,1827.0,0.0,481.0,273.0,54.0,980.0,4.0,35.0
2021.0,Norte,4.0,3.0,1.0,6132.0,2166.0,1520.0,2584.0,63.0,1929.0,32.0,4.0
2021.0,Norte,4.0,3.0,2.0,29.0,0.0,10.0,2.0,1.0,16.0,0.0,0.0
2021.0,Norte,4.0,4.0,1.0,54866.0,19650.0,13573.0,13032.0,742.0,27252.0,197.0,70.0
2021.0,Norte,4.0,4.0,2.0,3116.0,1058.0,529.0,635.0,62.0,1828.0,10.0,52.0
2021.0,Sudeste,1.0,0.0,1.0,98860.0,4730.0,20053.0,43456.0,6106.0,28656.0,471.0,118.0
2021.0,Sudeste,1.0,0.0,2.0,14288.0,0.0,1508.0,6492.0,706.0,5482.0,58.0,42.0
2021.0,Sudeste,2.0,0.0,1.0,6258415.0,926670.0,1310426.0,2571076.0,229364.0,2121109.0,18379.0,8061.0
2021.0,Sudeste,2.0,0.0,2.0,151461.0,20410.0,32793.0,53528.0,6143.0,53145.0,342.0,5510.0
2021.0,Sudeste,3.0,0.0,1.0,7394281.0,3315473.0,1513144.0,3052367.0,343427.0,2460314.0,18341.0,6688.0
2021.0,Sudeste,3.0,0.0,2.0,426936.0,228200.0,113648.0,144470.0,17381.0,149152.0,923.0,1362.0
2021.0,Sudeste,4.0,0.0,1.0,0.0,0.0,0.0,0.0,0.0,0.0,0.0,0.0
2021.0,Sudeste,4.0,0.0,2.0,0.0,0.0,0.0,0.0,0.0,0.0,0.0,0.0
2021.0,Sudeste,4.0,1.0,1.0,2866345.0,967253.0,857970.0,1554219.0,59624.0,375588.0,17134.0,1810.0
2021.0,Sudeste,4.0,1.0,2.0,10390.0,4563.0,3650.0,5213.0,206.0,1289.0,29.0,3.0
2021.0,Sudeste,4.0,2.0,1.0,116413.0,5644.0,35271.0,44632.0,5026.0,30889.0,474.0,121.0
2021.0,Sudeste,4.0,2.0,2.0,5032.0,20.0,852.0,1605.0,275.0,2270.0,16.0,14.0
2021.0,Sudeste,4.0,3.0,1.0,55883.0,22281.0,11570.0,37802.0,863.0,5427.0,196.0,25.0
2021.0,Sudeste,4.0,3.0,2.0,663.0,286.0,211.0,302.0,5.0,71.0,74.0,0.0
2021.0,Sudeste,4.0,4.0,1.0,833471.0,161787.0,193378.0,406632.0,27220.0,200583.0,4850.0,808.0
2021.0,Sudeste,4.0,4.0,2.0,8933.0,3198.0,2889.0,4082.0,223.0,1716.0,18.0,5.0
2021.0,Sul,1.0,0.0,1.0,59707.0,474.0,12308.0,38171.0,2367.0,6518.0,229.0,114.0
2021.0,Sul,1.0,0.0,2.0,5907.0,0.0,1240.0,4052.0,93.0,481.0,18.0,23.0
2021.0,Sul,2.0,0.0,1.0,2077277.0,286836.0,337785.0,1344167.0,66743.0,320145.0,4748.0,3689.0
2021.0,Sul,2.0,0.0,2.0,122446.0,26143.0,19650.0,74108.0,1757.0,12881.0,280.0,13770.0
2021.0,Sul,3.0,0.0,1.0,2605262.0,1224022.0,626845.0,1587449.0,67741.0,314566.0,5823.0,2838.0
2021.0,Sul,3.0,0.0,2.0,242737.0,131455.0,55182.0,160454.0,4047.0,21025.0,480.0,1549.0
2021.0,Sul,4.0,0.0,1.0,0.0,0.0,0.0,0.0,0.0,0.0,0.0,0.0
2021.0,Sul,4.0,0.0,2.0,0.0,0.0,0.0,0.0,0.0,0.0,0.0,0.0
2021.0,Sul,4.0,1.0,1.0,717530.0,176794.0,207990.0,453887.0,11127.0,40475.0,3516.0,535.0
2021.0,Sul,4.0,1.0,2.0,1335.0,267.0,253.0,978.0,21.0,76.0,7.0,0.0
2021.0,Sul,4.0,2.0,1.0,44719.0,3515.0,11603.0,25919.0,3082.0,4012.0,65.0,38.0
2021.0,Sul,4.0,2.0,2.0,959.0,0.0,185.0,715.0,21.0,36.0,0.0,2.0
2021.0,Sul,4.0,3.0,1.0,19446.0,6868.0,4060.0,13880.0,458.0,930.0,110.0,8.0
2021.0,Sul,4.0,3.0,2.0,72.0,52.0,10.0,56.0,3.0,3.0,0.0,0.0
2021.0,Sul,4.0,4.0,1.0,313562.0,99040.0,80799.0,206396.0,5533.0,19654.0,960.0,220.0
2021.0,Sul,4.0,4.0,2.0,2554.0,440.0,868.0,1431.0,36.0,205.0,13.0,1.0
